,url,title,genre,cag_rating,cag_release,tomatoScore,popcornScore
/m/trial_by_fire,/m/trial_by_fire,Trial by Fire,"[""Drama""]",R,2019,61,73
/m/lion_roars,/m/lion_roars,Ngo ga yau yat chek hiu dung see (The Lion Roars),"[""Art House & International"",""Comedy""]",NR,2002,null,58
/m/that_was_thenthis_is_now,/m/that_was_thenthis_is_now,That Was Then...This Is Now,"[""Drama""]",R,1985,null,59
/m/10000292-rat,/m/10000292-rat,Rat,"[""Comedy"",""Kids & Family""]",PG,2000,null,58
/m/southwest_of_salem_the_story_of_the_san_antonio_four,/m/southwest_of_salem_the_story_of_the_san_antonio_four,Southwest of Salem: The Story of the San Antonio Four,"[""Documentary""]",NR,2016,100,54
/m/the_girl_next_door_1999,/m/the_girl_next_door_1999,The Girl Next Door,"[""Documentary"",""Special Interest"",""Television""]",NR,2000,91,57
/m/1009989-hotel,/m/1009989-hotel,Hotel,"[""Classics"",""Drama""]",G,1967,100,33
/m/baghdad-er,/m/baghdad-er,Baghdad ER,"[""Documentary"",""Special Interest"",""Television""]",NR,2006,null,86
/m/kung_fu_panda,/m/kung_fu_panda,Kung Fu Panda,"[""Action & Adventure"",""Animation"",""Kids & Family""]",PG,2008,87,82
/m/1109645-brotherhood,/m/1109645-brotherhood,The Brotherhood,"[""Action & Adventure"",""Horror""]",PG-13,2001,null,23
/m/love_kennedy,/m/love_kennedy,"Love, Kennedy","[""Drama""]",PG,2017,null,84
/m/last_hard_men,/m/last_hard_men,The Last Hard Men,"[""Action & Adventure"",""Western""]",R,1976,null,51
/m/the_killing_floor,/m/the_killing_floor,The Killing Floor,"[""Horror"",""Mystery & Suspense""]",R,2007,null,32
/m/1145035-stone_cold,/m/1145035-stone_cold,Stone Cold,"[""Action & Adventure"",""Drama"",""Mystery & Suspense"",""Television""]",R,2005,null,68
/m/the_prince_and_me_2,/m/the_prince_and_me_2,The Prince & Me 2,"[""Comedy"",""Romance""]",PG,2005,null,30
/m/the_end_of_time,/m/the_end_of_time,The End Of Time,"[""Documentary"",""Special Interest""]",PG,2013,78,41
/m/solstorm,/m/solstorm,Solstorm,"[""Art House & International"",""Mystery & Suspense""]",NR,2007,null,30
/m/bending_the_arc,/m/bending_the_arc,Bending the Arc,"[""Documentary""]",NR,2017,100,65
/m/rain_without_thunder,/m/rain_without_thunder,Rain Without Thunder,"[""Drama""]",PG-13,1992,50,64
/m/kaalakaandi,/m/kaalakaandi,Kaalakaandi,"[""Comedy""]",NR,2018,38,46
/m/keys_to_tulsa,/m/keys_to_tulsa,Keys to Tulsa,"[""Drama"",""Mystery & Suspense""]",R,1996,10,22
/m/the_standbys_2012,/m/the_standbys_2012,The Standbys,"[""Documentary"",""Musical & Performing Arts""]",NR,2014,80,83
/m/bin_roye,/m/bin_roye,Bin Roye,"[""Drama"",""Romance""]",NR,2015,null,74
/m/1023963-wonderland,/m/1023963-wonderland,Wonderland,"[""Drama""]",R,1988,null,100
/m/who_framed_roger_rabbit,/m/who_framed_roger_rabbit,Who Framed Roger Rabbit,"[""Action & Adventure"",""Animation"",""Comedy"",""Kids & Family"",""Mystery & Suspense""]",PG,1988,97,84
/m/burton_and_taylor,/m/burton_and_taylor,Burton And Taylor,"[""Drama""]",PG,2013,100,62
/m/hell_and_back,/m/hell_and_back,Hell & Back,"[""Animation"",""Comedy""]",R,2015,null,33
/m/the_man_who_knew_too_much,/m/the_man_who_knew_too_much,The Man Who Knew Too Much,"[""Art House & International"",""Classics"",""Mystery & Suspense""]",PG,1935,88,68
/m/pups,/m/pups,Pups,"[""Action & Adventure"",""Drama"",""Kids & Family"",""Mystery & Suspense""]",R,1999,90,73
/m/undertow,/m/undertow,Undertow,"[""Drama"",""Mystery & Suspense""]",R,2004,55,62
/m/bee_season,/m/bee_season,Bee Season,"[""Drama""]",PG-13,2005,42,35
/m/1048287-white_cargo,/m/1048287-white_cargo,White Cargo,"[""Classics"",""Drama""]",NR,1942,null,16
/m/roommates,/m/roommates,Roommates,"[""Comedy""]",PG,1995,29,57
/m/requiem_for_murder,/m/requiem_for_murder,Requiem for Murder,"[""Horror"",""Mystery & Suspense""]",PG-13,2005,null,75
/m/lady_snowblood_love_song_of_vengeance,/m/lady_snowblood_love_song_of_vengeance,Lady Snowblood 2: Love Song of Vengeance (Shura-yuki-hime: Urami Renga),"[""Action & Adventure"",""Art House & International"",""Drama"",""Mystery & Suspense""]",R,1974,null,59
/m/the_resurrection_of_jake_the_snake_roberts,/m/the_resurrection_of_jake_the_snake_roberts,The Resurrection of Jake The Snake Roberts,"[""Documentary""]",NR,2015,null,86
/m/the_art_of_racing_in_the_rain,/m/the_art_of_racing_in_the_rain,The Art of Racing in the Rain,"[""Drama""]",PG,2019,44,94
/m/cherry_bomb,/m/cherry_bomb,Cherry Bomb,"[""Drama""]",NR,2004,50,42
/m/snake_and_mongooe,/m/snake_and_mongooe,Snake & Mongoo$e,"[""Drama""]",PG-13,2013,80,71
/m/the_bag_man,/m/the_bag_man,The Bag Man,"[""Drama""]",R,2014,9,22
/m/i_know_what_you_did_last_summer,/m/i_know_what_you_did_last_summer,I Know What You Did Last Summer,"[""Horror""]",R,1997,42,40
/m/sawdust_and_tinsel,/m/sawdust_and_tinsel,Sawdust and Tinsel,"[""Art House & International"",""Drama""]",NR,1953,100,84
/m/late_for_dinner,/m/late_for_dinner,Late for Dinner,"[""Comedy"",""Drama"",""Science Fiction & Fantasy""]",PG,1991,58,65
/m/1203424-blackout,/m/1203424-blackout,Blackout,"[""Horror"",""Mystery & Suspense""]",R,2008,null,20
/m/1005673-dentist,/m/1005673-dentist,The Dentist,"[""Comedy""]",PG,1932,100,68
/m/equus,/m/equus,Equus,"[""Drama"",""Horror"",""Mystery & Suspense""]",R,1977,63,78
/m/the_lazarus_effect,/m/the_lazarus_effect,The Lazarus Effect,"[""Horror""]",PG-13,2015,16,23
/m/hurlevent,/m/hurlevent,Wuthering Heights (Hurlevent),"[""Drama"",""Romance""]",NR,1985,null,73
/m/joy-division-voros-vijar,/m/joy-division-voros-vijar,Joy Division (Vörös Vihar),"[""Art House & International"",""Drama""]",NR,2006,null,49
/m/line_of_beauty,/m/line_of_beauty,The Line of Beauty,"[""Drama"",""Television""]",NR,2006,null,75
/m/secrecy,/m/secrecy,Secrecy,"[""Documentary"",""Drama"",""Special Interest""]",NR,2008,94,56
/m/hollow_in_the_land,/m/hollow_in_the_land,Hollow in the Land,"[""Drama""]",NR,2017,57,57
/m/beethovens_big_break,/m/beethovens_big_break,Beethoven's Big Break,"[""Comedy"",""Kids & Family""]",PG,2008,null,42
/m/bob_and_the_monster_2012,/m/bob_and_the_monster_2012,Bob And The Monster,"[""Documentary"",""Special Interest""]",NR,2013,null,79
/m/the_swan_princess_ii_escape_from_castle_mountain,/m/the_swan_princess_ii_escape_from_castle_mountain,The Swan Princess II: Escape from Castle Mountain,"[""Animation"",""Kids & Family"",""Science Fiction & Fantasy""]",G,1997,40,46
/m/the_house_that_jack_built_2018,/m/the_house_that_jack_built_2018,The House That Jack Built,"[""Drama"",""Horror"",""Mystery & Suspense""]",R,2018,58,66
/m/tsunami_the_aftermath,/m/tsunami_the_aftermath,"Tsunami, The Aftermath","[""Drama"",""Television""]",NR,2006,null,69
/m/warriors-peacekeepers,/m/warriors-peacekeepers,Warriors (Peacekeepers),"[""Drama"",""Special Interest"",""Television""]",PG,1999,null,95
/m/after_the_wedding,/m/after_the_wedding,Efter brylluppet (After the Wedding),"[""Art House & International"",""Drama""]",R,2006,88,87
/m/born_losers,/m/born_losers,Born Losers,"[""Action & Adventure"",""Art House & International"",""Classics"",""Drama"",""Mystery & Suspense""]",PG,1967,60,64
/m/the_dawning,/m/the_dawning,The Dawning,"[""Art House & International"",""Drama""]",PG,1988,null,50
/m/surfer_dude,/m/surfer_dude,"Surfer, Dude","[""Comedy""]",R,2008,null,26
/m/ironclad,/m/ironclad,Ironclad,"[""Action & Adventure""]",R,2011,42,41
/m/black_serenade,/m/black_serenade,Tuno negro (Black Serenade),"[""Art House & International"",""Drama"",""Horror""]",R,2001,null,21
/m/attack_on_titan_part_2,/m/attack_on_titan_part_2,Attack On Titan: Part 2 (Shingeki no kyojin endo obu za warudo),"[""Action & Adventure"",""Drama"",""Horror"",""Science Fiction & Fantasy""]",NR,2015,50,35
/m/you_are_alone,/m/you_are_alone,You Are Alone,"[""Art House & International"",""Drama""]",R,2005,null,67
/m/let_the_devil_wear_black,/m/let_the_devil_wear_black,Let the Devil Wear Black,"[""Drama"",""Mystery & Suspense""]",R,1999,57,29
/m/bullet_to_beijing,/m/bullet_to_beijing,Bullet to Beijing,"[""Action & Adventure"",""Mystery & Suspense""]",R,1995,null,35
/m/sherlock_holmes_faces_death,/m/sherlock_holmes_faces_death,Sherlock Holmes Faces Death,"[""Classics"",""Drama"",""Horror"",""Mystery & Suspense""]",G,1943,null,71
/m/charlies_country,/m/charlies_country,Charlie's Country,"[""Art House & International"",""Drama""]",NR,2015,95,85
/m/sunshine,/m/sunshine,Sunshine,"[""Drama"",""Science Fiction & Fantasy""]",R,2007,76,73
/m/1108799-score,/m/1108799-score,The Score,"[""Action & Adventure"",""Drama""]",R,2001,73,67
/m/lady_and_the_highwayman,/m/lady_and_the_highwayman,The Lady and the Highwayman,"[""Action & Adventure"",""Drama"",""Television"",""Romance""]",PG,1989,null,46
/m/raw_force,/m/raw_force,Raw Force,"[""Action & Adventure"",""Comedy"",""Horror""]",R,1982,null,41
/m/3_ninjas_knuckle_up,/m/3_ninjas_knuckle_up,3 Ninjas Knuckle Up,"[""Action & Adventure"",""Comedy"",""Kids & Family""]",PG-13,1995,null,40
/m/your_friends_and_neighbors,/m/your_friends_and_neighbors,Your Friends & Neighbors,"[""Art House & International"",""Comedy"",""Drama""]",R,1998,77,64
/m/1060720-kiss_of_death,/m/1060720-kiss_of_death,Kiss of Death,"[""Action & Adventure"",""Drama"",""Mystery & Suspense""]",R,1995,68,38
/m/lisboa,/m/lisboa,Lisboa (Lisbon),"[""Art House & International"",""Mystery & Suspense""]",NR,1999,null,27
/m/1053969-variety,/m/1053969-variety,Varieté (Variety) (Jealousy),"[""Art House & International"",""Classics"",""Drama""]",NR,1925,100,88
/m/michael_jacksons_journey_from_motown_to_off_the_wall,/m/michael_jacksons_journey_from_motown_to_off_the_wall,Michael Jackson's Journey From Motown to Off the Wall,"[""Documentary""]",NR,2016,93,90
/m/big_fix,/m/big_fix,The Big Fix,"[""Comedy"",""Drama"",""Mystery & Suspense""]",PG,1978,86,52
/m/freeze_me,/m/freeze_me,Freeze Me,"[""Art House & International"",""Drama"",""Mystery & Suspense""]",NR,2001,55,43
/m/bowfinger,/m/bowfinger,Bowfinger,"[""Comedy""]",PG-13,1999,81,61
/m/on_chesil_beach,/m/on_chesil_beach,On Chesil Beach,"[""Drama"",""Romance""]",R,2018,67,64
/m/1178348-the_last_time,/m/1178348-the_last_time,The Last Time,"[""Comedy"",""Drama""]",R,2007,35,39
/m/1073412-titanic,/m/1073412-titanic,Titanic,"[""Action & Adventure"",""Classics"",""Drama"",""Television""]",PG-13,1996,null,71
/m/siren_2011,/m/siren_2011,Siren,"[""Art House & International"",""Horror"",""Mystery & Suspense""]",R,2011,null,13
/m/my_tutor,/m/my_tutor,My Tutor,"[""Comedy"",""Drama""]",R,1983,null,36
/m/1066050-party_girl,/m/1066050-party_girl,Party Girl,"[""Art House & International"",""Comedy"",""Romance""]",R,1995,78,76
/m/1068182-heat,/m/1068182-heat,Heat,"[""Action & Adventure"",""Mystery & Suspense""]",R,1995,86,94
/m/the_guard_2011,/m/the_guard_2011,The Guard,"[""Comedy"",""Mystery & Suspense""]",R,2011,94,81
/m/bitter_sweetheart,/m/bitter_sweetheart,Bitter Sweetheart,"[""Art House & International"",""Comedy"",""Drama""]",NR,2007,null,45
/m/susan_lenox_her_fall_and_rise,/m/susan_lenox_her_fall_and_rise,Susan Lenox: Her Fall and Rise,"[""Action & Adventure"",""Drama"",""Romance""]",NR,1931,null,60
/m/nitro,/m/nitro,Nitro,"[""Action & Adventure""]",G,2007,null,49
/m/in_a_savage_land,/m/in_a_savage_land,In a Savage Land,"[""Drama""]",R,1999,null,59
/m/frankie_and_johnny_are_married,/m/frankie_and_johnny_are_married,Frankie and Johnny Are Married,"[""Comedy"",""Drama""]",R,2004,67,41
/m/arctic_blue,/m/arctic_blue,Arctic Blue,"[""Action & Adventure"",""Mystery & Suspense""]",R,1993,null,17
/m/flint,/m/flint,Flint,"[""Drama""]",NR,2017,67,50
/m/1011392-kansas,/m/1011392-kansas,Kansas,"[""Action & Adventure"",""Drama"",""Mystery & Suspense""]",R,1988,20,19
/m/1011813-lady_vanishes,/m/1011813-lady_vanishes,The Lady Vanishes,"[""Classics"",""Mystery & Suspense""]",PG,1938,98,88
/m/multiplicity,/m/multiplicity,Multiplicity,"[""Comedy"",""Science Fiction & Fantasy""]",PG-13,1996,43,48
/m/love_101,/m/love_101,Love 101,"[""Comedy"",""Drama""]",R,2000,null,27
/m/sexo-por-compasion,/m/sexo-por-compasion,Sexo por compasión (Compassionate Sex),"[""Art House & International"",""Drama""]",NR,2001,null,79
/m/fear_and_loathing_in_las_vegas,/m/fear_and_loathing_in_las_vegas,Fear and Loathing in Las Vegas,"[""Comedy"",""Drama"",""Special Interest""]",R,1998,49,89
/m/lymelife,/m/lymelife,Lymelife,"[""Drama""]",R,2008,63,52
/m/a-quiet-place-in-the-country-un-tranquillo-posto-in-campagna,/m/a-quiet-place-in-the-country-un-tranquillo-posto-in-campagna,A Quiet Place in the Country (Un tranquillo posto di campagna),"[""Art House & International"",""Horror"",""Mystery & Suspense""]",R,1968,null,54
/m/rush_hour,/m/rush_hour,Rush Hour,"[""Action & Adventure"",""Comedy""]",PG-13,1998,60,78
/m/10011582-TRON_legacy,/m/10011582-TRON_legacy,Tron Legacy,"[""Action & Adventure"",""Science Fiction & Fantasy""]",PG,2010,51,63
/m/its-love-im-after,/m/its-love-im-after,It's Love I'm After,"[""Classics"",""Comedy"",""Romance""]",NR,1937,null,82
/m/1175178-jane_austen_book_club,/m/1175178-jane_austen_book_club,The Jane Austen Book Club,"[""Comedy"",""Drama"",""Romance""]",PG-13,2007,66,67
/m/wrong_turn_5_2012,/m/wrong_turn_5_2012,Wrong Turn 5,"[""Horror"",""Mystery & Suspense""]",R,2012,null,17
/m/hare_krishna_the_mantra_the_movement_and_the_swami_who_started_it_all_2017,/m/hare_krishna_the_mantra_the_movement_and_the_swami_who_started_it_all_2017,"Hare Krishna! The Mantra, The Movement And The Swami Who Started It All","[""Documentary""]",NR,2017,20,94
/m/faults,/m/faults,Faults,"[""Drama"",""Mystery & Suspense""]",NR,2015,91,68
/m/star_trek_iii_the_search_for_spock,/m/star_trek_iii_the_search_for_spock,Star Trek III - The Search for Spock,"[""Action & Adventure"",""Science Fiction & Fantasy""]",PG,1984,80,61
/m/people_speak,/m/people_speak,The People Speak,"[""Documentary"",""Special Interest""]",NR,2009,null,79
/m/10010066-push,/m/10010066-push,Push,"[""Mystery & Suspense"",""Science Fiction & Fantasy""]",PG-13,2009,23,42
/m/examined_life,/m/examined_life,Examined Life,"[""Art House & International"",""Documentary"",""Faith & Spirituality""]",NR,2009,77,73
/m/1198658-i_love_you_beth_cooper,/m/1198658-i_love_you_beth_cooper,I Love You Beth Cooper,"[""Comedy""]",PG-13,2009,13,32
/m/dangerous_liaisons_1959,/m/dangerous_liaisons_1959,Dangerous Liaisons (Les Liaisons Dangereuses),"[""Art House & International"",""Drama"",""Romance""]",NR,1959,88,71
/m/ballad_of_jack_and_rose,/m/ballad_of_jack_and_rose,The Ballad of Jack and Rose,"[""Drama""]",R,2005,47,62
/m/contractor,/m/contractor,The Contractor,"[""Action & Adventure""]",R,2007,null,28
/m/caterina_in_the_big_city,/m/caterina_in_the_big_city,Caterina in the Big City,"[""Art House & International"",""Comedy"",""Drama""]",NR,2003,89,77
/m/whats_the_matter_with_kansas,/m/whats_the_matter_with_kansas,What's the Matter with Kansas?,"[""Documentary"",""Special Interest""]",NR,2009,60,59
/m/i_live_my_life,/m/i_live_my_life,I Live My Life,"[""Drama"",""Romance""]",NR,1935,null,57
/m/stardust_memories,/m/stardust_memories,Stardust Memories,"[""Comedy"",""Drama""]",PG,1980,68,78
/m/great_balls_of_fire,/m/great_balls_of_fire,Great Balls of Fire,"[""Drama""]",PG-13,1989,63,53
/m/manito,/m/manito,Manito,"[""Drama""]",NR,2003,94,73
/m/exploding_girl,/m/exploding_girl,The Exploding Girl,"[""Documentary"",""Drama""]",NR,2010,76,54
/m/blue_hill_avenue,/m/blue_hill_avenue,Blue Hill Avenue,"[""Action & Adventure"",""Drama"",""Mystery & Suspense""]",R,2001,null,92
/m/broken_2012,/m/broken_2012,Broken,"[""Documentary"",""Drama"",""Special Interest""]",NR,2013,63,73
/m/two_men_in_town,/m/two_men_in_town,Deux Hommes dans la Ville (Two Against the Law) (Two Men in Town),"[""Art House & International"",""Drama""]",NR,1973,null,76
/m/h_2014,/m/h_2014,H.,"[""Drama""]",NR,2014,89,34
/m/traffic_in_souls,/m/traffic_in_souls,Traffic in Souls,"[""Classics"",""Drama""]",NR,1913,null,50
/m/code_46,/m/code_46,Code 46,"[""Drama"",""Science Fiction & Fantasy"",""Romance""]",R,2004,50,59
/m/safe_house_1999,/m/safe_house_1999,Safe House,"[""Action & Adventure"",""Mystery & Suspense"",""Television""]",NR,1999,null,70
/m/wolves_at_the_door,/m/wolves_at_the_door,Wolves at the Door,"[""Horror"",""Mystery & Suspense""]",R,2016,null,27
/m/murder_in_mind,/m/murder_in_mind,Murder in Mind,"[""Drama"",""Mystery & Suspense""]",R,1997,null,25
/m/6_below_miracle_on_the_mountain,/m/6_below_miracle_on_the_mountain,6 Below: Miracle On The Mountain,"[""Drama"",""Mystery & Suspense""]",PG-13,2017,22,55
/m/untitled,/m/untitled,(Untitled),"[""Comedy""]",R,2009,65,57
/m/evil_that_men_do,/m/evil_that_men_do,The Evil That Men Do,"[""Action & Adventure"",""Drama"",""Mystery & Suspense"",""Western""]",R,1984,40,39
/m/hollywood_revue_of_1929,/m/hollywood_revue_of_1929,The Hollywood Revue of 1929,"[""Classics"",""Musical & Performing Arts""]",NR,1929,40,24
/m/the_great_man_votes,/m/the_great_man_votes,The Great Man Votes,"[""Drama""]",NR,1939,null,67
/m/the-fall-2008,/m/the-fall-2008,The Fall,"[""Action & Adventure"",""Art House & International"",""Drama"",""Science Fiction & Fantasy""]",R,2006,61,85
/m/1043853-bitter_harvest,/m/1043853-bitter_harvest,Bitter Harvest,"[""Action & Adventure"",""Comedy"",""Drama"",""Mystery & Suspense""]",R,1993,null,26
/m/the_dark_tapes,/m/the_dark_tapes,The Dark Tapes,"[""Horror""]",NR,2017,90,57
/m/santa-smokes,/m/santa-smokes,Santa Smokes,"[""Comedy"",""Drama""]",NR,2002,67,67
/m/aimy_in_a_cage,/m/aimy_in_a_cage,Aimy In a Cage,"[""Drama""]",NR,2015,60,82
/m/1004903-creature,/m/1004903-creature,Creature,"[""Horror"",""Science Fiction & Fantasy""]",R,1985,null,12
/m/playboys,/m/playboys,The Playboys,"[""Art House & International"",""Drama"",""Romance""]",PG-13,1992,92,54
/m/seeking_a_friend_for_the_end_of_the_world,/m/seeking_a_friend_for_the_end_of_the_world,Seeking a Friend for the End of the World,"[""Comedy""]",R,2012,55,53
/m/1003076-brians_song,/m/1003076-brians_song,Brian's Song,"[""Classics"",""Drama"",""Television""]",G,1970,85,82
/m/suzy,/m/suzy,Suzy,"[""Action & Adventure"",""Comedy"",""Drama"",""Mystery & Suspense"",""Romance""]",NR,1936,null,65
/m/the_outsider_2006,/m/the_outsider_2006,The Outsider,"[""Documentary"",""Musical & Performing Arts"",""Special Interest"",""Television""]",NR,2006,65,43
/m/meotjin-haru,/m/meotjin-haru,Meotjin haru (My Dear Enemy),"[""Art House & International"",""Romance""]",NR,2008,100,85
/m/half_japanese_the_band_that_would_be_king,/m/half_japanese_the_band_that_would_be_king,Half Japanese: The Band that Would Be King,"[""Documentary"",""Musical & Performing Arts""]",NR,1993,100,92
/m/escape_from_bad_girls_dormitory,/m/escape_from_bad_girls_dormitory,Escape from Bad Girls Dormitory,"[""Action & Adventure"",""Comedy"",""Drama""]",R,1986,null,38
/m/unbound_captives,/m/unbound_captives,Unbound Captives,"[""Drama""]",NR,2013,null,92
/m/exit_humanity,/m/exit_humanity,Exit Humanity,"[""Drama"",""Horror"",""Western""]",NR,2013,null,40
/m/timecop,/m/timecop,Timecop,"[""Action & Adventure"",""Science Fiction & Fantasy""]",R,1994,45,36
/m/hey_boo_harper_lee_and_to_kill_a_mockingbird,/m/hey_boo_harper_lee_and_to_kill_a_mockingbird,"Hey, Boo: Harper Lee and 'To Kill a Mockingbird'","[""Documentary"",""Special Interest""]",NR,2011,77,81
/m/1053321-adventures_of_prince_achmed,/m/1053321-adventures_of_prince_achmed,The Adventures of Prince Achmed,"[""Animation"",""Art House & International"",""Kids & Family"",""Science Fiction & Fantasy""]",NR,1926,100,90
/m/a_song_for_martin,/m/a_song_for_martin,A Song for Martin,"[""Art House & International"",""Drama""]",PG-13,2002,85,84
/m/delirium_photos_of_gioia,/m/delirium_photos_of_gioia,Le Foto di Gioia (Delirium: Photo of Gioia) (Photos of Joy),"[""Art House & International"",""Horror"",""Mystery & Suspense""]",NR,1987,null,32
/m/zeyda-and-the-hitman-running-with-the-hitman,/m/zeyda-and-the-hitman-running-with-the-hitman,Zeyda and the Hitman (Running with the Hitman),"[""Comedy""]",NR,2004,null,30
/m/irreplaceable_you,/m/irreplaceable_you,Irreplaceable You,"[""Comedy"",""Drama"",""Romance""]",NR,2018,32,58
/m/lawless_breed,/m/lawless_breed,The Lawless Breed,"[""Action & Adventure"",""Classics"",""Western""]",NR,1953,null,57
/m/cable_guy,/m/cable_guy,The Cable Guy,"[""Comedy""]",PG-13,1996,53,51
/m/children_of_invention,/m/children_of_invention,Children Of Invention,"[""Drama""]",NR,2010,79,60
/m/1066292-undead,/m/1066292-undead,The Undead,"[""Classics"",""Drama"",""Horror"",""Mystery & Suspense"",""Science Fiction & Fantasy""]",NR,1957,null,19
/m/respiro,/m/respiro,Respiro,"[""Art House & International"",""Comedy"",""Drama""]",PG-13,2003,76,86
/m/the_chateau,/m/the_chateau,The Chateau,"[""Comedy"",""Drama""]",R,2002,50,31
/m/linda_ronstadt_the_sound_of_my_voice,/m/linda_ronstadt_the_sound_of_my_voice,Linda Ronstadt: The Sound of My Voice,"[""Documentary""]",PG-13,2019,88,98
/m/wrong_turn,/m/wrong_turn,Wrong Turn,"[""Horror"",""Mystery & Suspense""]",R,2003,40,54
/m/eating_raoul,/m/eating_raoul,Eating Raoul,"[""Comedy"",""Cult Movies""]",R,1982,86,71
/m/teacher_of_the_year_2014,/m/teacher_of_the_year_2014,Teacher of the Year,"[""Comedy""]",NR,2015,100,60
/m/rise_of_the_guardians_2012,/m/rise_of_the_guardians_2012,Rise of the Guardians,"[""Action & Adventure"",""Animation"",""Kids & Family""]",PG,2012,74,80
/m/juncture,/m/juncture,Juncture,"[""Action & Adventure"",""Mystery & Suspense""]",R,2007,null,16
/m/danger_diabolik,/m/danger_diabolik,Danger: Diabolik,"[""Action & Adventure"",""Classics"",""Mystery & Suspense"",""Special Interest""]",PG-13,1968,70,72
/m/motor-psycho,/m/motor-psycho,Motor Psycho,"[""Action & Adventure"",""Drama"",""Horror"",""Mystery & Suspense""]",R,1965,null,60
/m/1059003-true_crime,/m/1059003-true_crime,True Crime,"[""Mystery & Suspense""]",R,1995,null,44
/m/baby_peggy_the_elephant_in_the_room,/m/baby_peggy_the_elephant_in_the_room,Baby Peggy: The Elephant in the Room,"[""Documentary"",""Special Interest""]",NR,2012,100,75
/m/clouds_of_may,/m/clouds_of_may,Clouds of May (Mayis Sikintisi),"[""Art House & International"",""Drama""]",NR,1999,null,83
/m/1092437-in_too_deep,/m/1092437-in_too_deep,In Too Deep,"[""Action & Adventure"",""Drama"",""Mystery & Suspense""]",R,1999,36,75
/m/10010084-wherever_you_are,/m/10010084-wherever_you_are,Wherever You Are (Lifelines),"[""Comedy"",""Drama""]",NR,2008,63,100
/m/street-fighter-alpha-the-movie,/m/street-fighter-alpha-the-movie,Street Fighter Zero (Street Fighter Alpha),"[""Action & Adventure"",""Animation"",""Anime & Manga"",""Art House & International""]",NR,2000,null,56
/m/bigger_than_life,/m/bigger_than_life,Bigger Than Life,"[""Drama""]",NR,1956,90,85
/m/bloody_pit_of_horror,/m/bloody_pit_of_horror,Il Boia scarlatto (Bloody Pit of Horror)(The Scarlet Hangman)(A Tale of Torture),"[""Art House & International"",""Horror""]",NR,1965,null,22
/m/rich_girl,/m/rich_girl,Rich Girl,"[""Comedy"",""Drama""]",R,1991,null,100
/m/miss_julie_2014,/m/miss_julie_2014,Miss Julie,"[""Drama""]",PG-13,2014,51,25
/m/1004047-children_of_the_corn,/m/1004047-children_of_the_corn,Children of the Corn,"[""Cult Movies"",""Horror"",""Mystery & Suspense""]",R,1984,35,40
/m/three_smart_girls_grow_up,/m/three_smart_girls_grow_up,Three Smart Girls Grow Up,"[""Classics"",""Comedy"",""Musical & Performing Arts"",""Romance""]",NR,1939,null,71
/m/beautiful_creatures_2013,/m/beautiful_creatures_2013,Beautiful Creatures,"[""Drama"",""Science Fiction & Fantasy"",""Romance""]",PG-13,2013,47,54
/m/informant_2013,/m/informant_2013,Informant,"[""Documentary"",""Special Interest""]",NR,2013,89,62
/m/a_crack_in_the_floor,/m/a_crack_in_the_floor,A Crack in the Floor,"[""Horror"",""Mystery & Suspense""]",R,2001,null,9
/m/christmas_family_tragedy,/m/christmas_family_tragedy,A Christmas Family Tragedy,"[""Documentary"",""Special Interest""]",NR,2007,null,40
/m/the_lorax,/m/the_lorax,The Lorax,"[""Animation"",""Comedy"",""Kids & Family"",""Television""]",NR,1972,null,83
/m/distant_voices_still_lives,/m/distant_voices_still_lives,"Distant Voices, Still Lives","[""Drama""]",PG-13,1988,79,83
/m/my_brilliant_career,/m/my_brilliant_career,My Brilliant Career,"[""Art House & International"",""Drama"",""Romance""]",G,1979,84,68
/m/rudy,/m/rudy,Rudy,"[""Drama"",""Kids & Family""]",PG,1993,78,90
/m/horrors_of_the_black_museum,/m/horrors_of_the_black_museum,Horrors of the Black Museum,"[""Classics"",""Drama"",""Horror""]",NR,1959,null,24
/m/ms_purple,/m/ms_purple,Ms. Purple,"[""Drama""]",NR,2019,86,73
/m/the_shepherd_of_the_hills,/m/the_shepherd_of_the_hills,The Shepherd of the Hills,"[""Action & Adventure"",""Classics"",""Drama"",""Western""]",NR,1941,null,59
/m/swinging_with_the_finkels,/m/swinging_with_the_finkels,Swinging With The Finkels,"[""Comedy"",""Romance""]",R,2011,null,20
/m/mad_monkey_kung_fu,/m/mad_monkey_kung_fu,Mad Monkey Kung Fu,"[""Action & Adventure"",""Art House & International""]",NR,1980,null,70
/m/1083688-return_to_paradise,/m/1083688-return_to_paradise,Return to Paradise,"[""Drama"",""Mystery & Suspense""]",R,1998,71,74
/m/porkys,/m/porkys,Porky's,"[""Comedy""]",NR,2004,null,60
/m/schneider_vs_bax,/m/schneider_vs_bax,Schneider vs. Bax,"[""Comedy"",""Drama"",""Mystery & Suspense""]",NR,2015,63,51
/m/saturday_night_fever,/m/saturday_night_fever,Saturday Night Fever,"[""Classics"",""Drama"",""Musical & Performing Arts""]",R,1977,83,72
/m/1215790-carriers,/m/1215790-carriers,Carriers,"[""Drama"",""Horror"",""Mystery & Suspense"",""Science Fiction & Fantasy""]",PG-13,2009,66,39
/m/invisible_agent,/m/invisible_agent,Invisible Agent,"[""Action & Adventure"",""Comedy"",""Mystery & Suspense"",""Science Fiction & Fantasy""]",NR,1942,null,31
/m/1119796-walking_on_water,/m/1119796-walking_on_water,Walking on Water,"[""Comedy"",""Drama""]",NR,2002,83,66
/m/book_of_monsters,/m/book_of_monsters,Book of Monsters,"[""Art House & International"",""Comedy"",""Horror""]",NR,2019,75,50
/m/gi_jane,/m/gi_jane,G.I. Jane,"[""Action & Adventure"",""Drama""]",R,1997,52,53
/m/the_sheep_has_five_legs,/m/the_sheep_has_five_legs,The Sheep Has Five Legs,"[""Art House & International"",""Comedy""]",NR,1954,null,71
/m/santa_and_pete,/m/santa_and_pete,Santa and Pete,"[""Drama"",""Kids & Family"",""Television""]",NR,1999,null,73
/m/whos_camus_anyway,/m/whos_camus_anyway,Who's Camus Anyway?,"[""Art House & International"",""Drama"",""Special Interest"",""Television""]",NR,2005,86,75
/m/les_temps_qui_changent,/m/les_temps_qui_changent,Les temps qui changent,"[""Art House & International"",""Drama"",""Romance""]",NR,2004,63,44
/m/tom_horn,/m/tom_horn,Tom Horn,"[""Action & Adventure"",""Drama"",""Western"",""Romance""]",R,1980,83,69
/m/wild_one,/m/wild_one,The Wild One,"[""Action & Adventure"",""Classics"",""Cult Movies"",""Drama""]",NR,1954,77,71
/m/seizure,/m/seizure,Seizure (Queen of Evil) (Tango macabre),"[""Classics"",""Horror""]",PG,1974,null,3
/m/alien_agent,/m/alien_agent,Alien Agent,"[""Action & Adventure"",""Drama"",""Mystery & Suspense"",""Science Fiction & Fantasy""]",R,2007,null,16
/m/i_touched_all_your_stuff,/m/i_touched_all_your_stuff,I Touched All Your Stuff,"[""Documentary""]",NR,2015,82,50
/m/for_queen_and_country,/m/for_queen_and_country,For Queen and Country,"[""Action & Adventure"",""Drama"",""Mystery & Suspense""]",R,1989,31,27
/m/gotti,/m/gotti,Gotti,"[""Drama"",""Mystery & Suspense"",""Television""]",R,1996,60,82
/m/for_greater_glory,/m/for_greater_glory,For Greater Glory,"[""Action & Adventure"",""Drama"",""Special Interest""]",R,2012,21,77
/m/1194983-suspension,/m/1194983-suspension,Suspension,"[""Action & Adventure"",""Drama"",""Horror"",""Mystery & Suspense""]",NR,2008,null,29
/m/bettie_page_reveals_all,/m/bettie_page_reveals_all,Bettie Page Reveals All,"[""Documentary"",""Special Interest""]",R,2013,74,61
/m/the_pack,/m/the_pack,The Pack (La Meute),"[""Horror""]",R,2012,null,19
/m/a_little_chaos,/m/a_little_chaos,A Little Chaos,"[""Art House & International"",""Drama""]",R,2015,48,48
/m/khartoum,/m/khartoum,Khartoum,"[""Action & Adventure"",""Classics"",""Drama""]",NR,1966,100,65
/m/1109951-assassin,/m/1109951-assassin,The Assassin,"[""Action & Adventure"",""Art House & International""]",NR,1993,null,63
/m/unlikely_weapon,/m/unlikely_weapon,An Unlikely Weapon,"[""Documentary"",""Musical & Performing Arts""]",NR,2008,79,73
/m/my_left_foot,/m/my_left_foot,My Left Foot,"[""Art House & International"",""Drama""]",R,1989,97,92
/m/heroes-of-world-class,/m/heroes-of-world-class,Heroes of World Class,"[""Drama""]",NR,2006,null,100
/m/half_moon,/m/half_moon,Half Moon,"[""Drama""]",NR,2007,100,77
/m/static_2012,/m/static_2012,Static,"[""Drama"",""Mystery & Suspense""]",NR,2012,null,23
/m/tanu_weds_manu_returns,/m/tanu_weds_manu_returns,Tanu Weds Manu Returns,"[""Comedy"",""Romance""]",NR,2015,57,72
/m/dark_secrets_1996,/m/dark_secrets_1996,Dark Secrets,"[""Drama"",""Mystery & Suspense""]",R,1996,null,40
/m/gojira,/m/gojira,Godzilla (Gojira),"[""Action & Adventure"",""Art House & International"",""Horror"",""Science Fiction & Fantasy""]",NR,1954,93,89
/m/the_incredibly_strange_creatures,/m/the_incredibly_strange_creatures,The Incredibly Strange Creatures...,"[""Horror""]",NR,1963,20,14
/m/behind_enemy_lines,/m/behind_enemy_lines,Behind Enemy Lines,"[""Action & Adventure"",""Special Interest""]",R,1998,null,32
/m/greater,/m/greater,Greater,"[""Drama"",""Sports & Fitness""]",PG,2016,67,85
/m/come_what_may_2016,/m/come_what_may_2016,Come What May,"[""Drama""]",NR,2016,45,53
/m/nightcrawler,/m/nightcrawler,Nightcrawler,"[""Drama"",""Mystery & Suspense""]",R,2014,95,85
/m/between_two_waters,/m/between_two_waters,Between Two Waters (Entre dos aguas),"[""Drama""]",NR,2018,100,57
/m/dont_torture_a_duckling,/m/dont_torture_a_duckling,Don't Torture a Duckling,"[""Art House & International"",""Classics"",""Drama"",""Horror"",""Mystery & Suspense""]",NR,1972,80,77
/m/games,/m/games,Games,"[""Drama"",""Mystery & Suspense""]",NR,1967,67,41
/m/hokkabaz,/m/hokkabaz,Hokkabaz,"[""Comedy""]",NR,2006,null,75
/m/choose_2010,/m/choose_2010,Choose,"[""Drama"",""Horror"",""Mystery & Suspense""]",R,2011,null,18
/m/buck_privates,/m/buck_privates,Buck Privates,"[""Comedy""]",NR,1941,null,77
/m/les_aventures_extraordinaires_dadele_blanc_sec,/m/les_aventures_extraordinaires_dadele_blanc_sec,Les aventures extraordinaires d'Adèle Blanc-Sec (The Extraordinary Adventures of Adèle Blanc-Sec),"[""Action & Adventure"",""Mystery & Suspense"",""Science Fiction & Fantasy""]",PG,2010,84,54
/m/1016523-poor_little_rich_girl,/m/1016523-poor_little_rich_girl,The Poor Little Rich Girl,"[""Classics"",""Comedy"",""Drama""]",NR,1917,null,71
/m/1061809-malicious,/m/1061809-malicious,Malicious,"[""Action & Adventure"",""Drama"",""Mystery & Suspense""]",R,1995,null,54
/m/gone_girl,/m/gone_girl,Gone Girl,"[""Drama"",""Mystery & Suspense""]",R,2014,87,87
/m/lucia,/m/lucia,Lucia,"[""Art House & International"",""Drama""]",NR,1968,83,79
/m/now_you_see_him_now_you_dont,/m/now_you_see_him_now_you_dont,"Now You See Him, Now You Don't","[""Comedy"",""Kids & Family"",""Science Fiction & Fantasy""]",G,1972,80,58
/m/us_seals_dead_or_alive,/m/us_seals_dead_or_alive,U.S. Seals: Dead or Alive,"[""Action & Adventure""]",R,2002,null,33
/m/chicken,/m/chicken,Chicken,"[""Drama""]",NR,2016,100,53
/m/1081472-long_way_home,/m/1081472-long_way_home,The Long Way Home,"[""Documentary""]",NR,1997,null,84
/m/one_eyed_king,/m/one_eyed_king,One Eyed King,"[""Drama""]",R,2001,null,33
/m/crazy_love_2007,/m/crazy_love_2007,Crazy Love,"[""Documentary""]",PG-13,2007,79,73
/m/battle_in_seattle,/m/battle_in_seattle,Battle in Seattle,"[""Action & Adventure"",""Drama""]",R,2008,56,65
/m/all_roads_lead_to_rome_2016,/m/all_roads_lead_to_rome_2016,All Roads Lead to Rome,"[""Art House & International"",""Comedy""]",PG-13,2008,null,16
/m/la_repetition,/m/la_repetition,La répétition (Replay),"[""Art House & International"",""Drama""]",NR,2001,null,52
/m/female-on-the-beach-1955,/m/female-on-the-beach-1955,Female on the Beach,"[""Drama"",""Mystery & Suspense"",""Romance""]",NR,1955,null,47
/m/the_decoy_bride,/m/the_decoy_bride,The Decoy Bride,"[""Art House & International"",""Comedy"",""Drama"",""Romance""]",PG,2012,23,51
/m/welcome_to_collinwood,/m/welcome_to_collinwood,Welcome to Collinwood,"[""Comedy"",""Drama""]",R,2002,55,55
/m/travelers_and_magicians,/m/travelers_and_magicians,Travelers and Magicians,"[""Art House & International"",""Documentary"",""Drama""]",NR,2005,93,83
/m/lost_in_karastan,/m/lost_in_karastan,Lost in Karastan,"[""Comedy""]",NR,2014,38,40
/m/1005381-days_of_wine_and_roses,/m/1005381-days_of_wine_and_roses,Days of Wine and Roses,"[""Classics"",""Drama""]",NR,1962,100,88
/m/the_unseen_1981,/m/the_unseen_1981,The Unseen,"[""Horror""]",R,1981,null,35
/m/saving_mr_wu,/m/saving_mr_wu,Saving Mr. Wu,"[""Drama""]",NR,2015,100,68
/m/1008977-ground_zero,/m/1008977-ground_zero,Ground Zero,"[""Action & Adventure"",""Drama"",""Mystery & Suspense""]",R,1987,null,55
/m/nutcracker_prince,/m/nutcracker_prince,The Nutcracker Prince,"[""Animation"",""Art House & International"",""Kids & Family""]",G,1990,null,71
/m/the_hot_spot,/m/the_hot_spot,The Hot Spot,"[""Action & Adventure"",""Comedy""]",R,2005,null,60
/m/one_day_in_the_life_of_ivan_denisovich,/m/one_day_in_the_life_of_ivan_denisovich,One Day in the Life of Ivan Denisovich,"[""Art House & International"",""Drama""]",G,1970,17,91
/m/just_friends,/m/just_friends,Just Friends,"[""Comedy"",""Drama"",""Romance""]",PG-13,2005,42,71
/m/no-eres-tu-soy-yo,/m/no-eres-tu-soy-yo,"No eres tu, soy yo","[""Art House & International"",""Comedy"",""Romance""]",PG-13,2011,null,52
/m/namgeukilgi-antarctic-journal,/m/namgeukilgi-antarctic-journal,Namgeuk-ilgi (Antarctic Journal),"[""Horror"",""Mystery & Suspense""]",NR,2005,null,42
/m/to_gillian_on_her_37th_birthday,/m/to_gillian_on_her_37th_birthday,To Gillian on Her 37th Birthday,"[""Comedy"",""Drama"",""Romance""]",PG-13,1996,14,42
/m/guidance_2014,/m/guidance_2014,Guidance,"[""Comedy""]",NR,2015,88,57
/m/city_of_joy,/m/city_of_joy,City of Joy,"[""Art House & International"",""Documentary"",""Drama""]",PG-13,1992,56,75
/m/the_hired_heart,/m/the_hired_heart,The Hired Heart,"[""Drama"",""Romance""]",NR,1997,null,55
/m/fighting_rats_of_tobruk,/m/fighting_rats_of_tobruk,Fighting Rats of Tobruk,"[""Action & Adventure"",""Art House & International"",""Classics"",""Drama""]",NR,1951,null,17
/m/trois_2_pandoras_box,/m/trois_2_pandoras_box,Trois 2: Pandora's Box,"[""Drama"",""Mystery & Suspense""]",R,2002,null,85
/m/28_hotel_rooms,/m/28_hotel_rooms,28 Hotel Rooms,"[""Drama"",""Romance""]",NR,2012,47,38
/m/city_that_never_sleeps,/m/city_that_never_sleeps,City That Never Sleeps,"[""Classics"",""Drama"",""Mystery & Suspense""]",NR,1953,null,39
/m/malpertuis_the_legend_of_doom_house,/m/malpertuis_the_legend_of_doom_house,Malpertuis,"[""Art House & International"",""Drama"",""Horror"",""Science Fiction & Fantasy""]",NR,2001,null,64
/m/how_to_kill_your_neighbors_dog,/m/how_to_kill_your_neighbors_dog,How to Kill Your Neighbor's Dog,"[""Art House & International"",""Comedy"",""Drama""]",R,2002,58,74
/m/1157133-william_eggleston_in_the_real_world,/m/1157133-william_eggleston_in_the_real_world,William Eggleston in the Real World,"[""Documentary"",""Musical & Performing Arts"",""Special Interest""]",NR,2005,89,65
/m/eighth_grade,/m/eighth_grade,Eighth Grade,"[""Comedy""]",R,2018,99,82
/m/les_choses_de_la_vie,/m/les_choses_de_la_vie,Les Choses de la Vie,"[""Art House & International"",""Drama"",""Romance""]",NR,1970,null,92
/m/last_lullaby,/m/last_lullaby,The Last Lullaby,"[""Drama""]",R,2008,null,70
/m/muse,/m/muse,The Muse,"[""Comedy"",""Drama""]",PG-13,1999,53,34
/m/snow_dogs,/m/snow_dogs,Snow Dogs,"[""Action & Adventure"",""Comedy"",""Kids & Family""]",PG,2002,25,39
/m/1122960-last_call,/m/1122960-last_call,Last Call,"[""Art House & International"",""Drama"",""Television""]",R,2002,null,58
/m/im_all_right_jack,/m/im_all_right_jack,I'm All Right Jack,"[""Art House & International"",""Comedy""]",NR,1960,86,77
/m/tenant,/m/tenant,The Tenant,"[""Classics"",""Horror"",""Mystery & Suspense""]",R,1976,88,88
/m/spiderman_the_deadly_dust,/m/spiderman_the_deadly_dust,Spiderman: The Deadly Dust,"[""Action & Adventure"",""Kids & Family"",""Science Fiction & Fantasy""]",NR,1978,null,62
/m/angry_harvest,/m/angry_harvest,Bittere Ernte (Angry Harvest),"[""Art House & International"",""Drama"",""Romance""]",NR,1985,null,88
/m/seconds,/m/seconds,Seconds,"[""Classics"",""Drama"",""Horror"",""Mystery & Suspense"",""Science Fiction & Fantasy""]",R,1966,91,88
/m/unnamable,/m/unnamable,The Unnamable,"[""Horror""]",R,1988,null,28
/m/after_words,/m/after_words,After Words,"[""Drama""]",NR,2015,38,56
/m/last_winter,/m/last_winter,The Last Winter,"[""Horror"",""Mystery & Suspense""]",R,2007,76,34
/m/semi_pro,/m/semi_pro,Semi-Pro,"[""Comedy""]",R,2008,22,38
/m/stanley_and_livingstone,/m/stanley_and_livingstone,Stanley and Livingstone,"[""Action & Adventure"",""Drama""]",NR,1939,null,50
/m/captive_city,/m/captive_city,The Captive City,"[""Classics"",""Drama"",""Mystery & Suspense""]",NR,1952,78,67
/m/childhoods_end,/m/childhoods_end,Childhood's End,"[""Comedy"",""Drama""]",NR,1997,null,14
/m/stepping_out_1991,/m/stepping_out_1991,Stepping Out,"[""Comedy"",""Musical & Performing Arts""]",PG,1991,null,71
/m/les_comperes,/m/les_comperes,Les Compères,"[""Art House & International"",""Comedy"",""Mystery & Suspense""]",PG,1983,null,66
/m/of_horses_and_men,/m/of_horses_and_men,Of Horses and Men,"[""Art House & International"",""Comedy"",""Drama"",""Romance""]",NR,2015,100,73
/m/stuck,/m/stuck,Stuck,"[""Comedy"",""Drama"",""Mystery & Suspense""]",R,2008,73,54
/m/obsession_1949,/m/obsession_1949,Obsession,"[""Drama"",""Mystery & Suspense""]",NR,1949,null,88
/m/1048551-gold,/m/1048551-gold,Gold,"[""Action & Adventure"",""Drama""]",PG,1974,null,25
/m/almost_in_love_2013,/m/almost_in_love_2013,Almost In Love,"[""Comedy"",""Drama"",""Romance""]",NR,2013,50,62
/m/shootout-at-lokhandwala,/m/shootout-at-lokhandwala,Shootout at Lokhandwala,"[""Action & Adventure"",""Art House & International"",""Drama""]",NR,2007,null,66
/m/ultimate_avengers_ii,/m/ultimate_avengers_ii,Ultimate Avengers II,"[""Action & Adventure"",""Animation"",""Science Fiction & Fantasy"",""Special Interest""]",PG-13,2006,null,50
/m/look_whos_talking,/m/look_whos_talking,Look Who's Talking,"[""Comedy"",""Romance""]",PG-13,1989,57,47
/m/viktor_vogel_commercial_man,/m/viktor_vogel_commercial_man,Viktor Vogel - Commercial Man,"[""Art House & International"",""Comedy"",""Drama""]",R,2002,null,73
/m/lucky_13,/m/lucky_13,Lucky 13,"[""Comedy"",""Romance""]",R,2004,null,27
/m/eddie_the_eagle,/m/eddie_the_eagle,Eddie The Eagle,"[""Drama""]",PG-13,2016,82,82
/m/first_man_into_space,/m/first_man_into_space,First Man into Space,"[""Classics"",""Drama"",""Horror"",""Mystery & Suspense"",""Science Fiction & Fantasy""]",NR,1959,null,22
/m/live_a_little_love_a_little,/m/live_a_little_love_a_little,"Live a Little, Love a Little","[""Classics"",""Comedy"",""Musical & Performing Arts"",""Romance""]",PG,1968,null,65
/m/pact_of_silence,/m/pact_of_silence,Le Pacte du silence,"[""Art House & International""]",R,2003,null,52
/m/cobra_1999,/m/cobra_1999,Cobra,"[""Classics"",""Drama"",""Romance""]",NR,1925,null,50
/m/beverly_hills_cop,/m/beverly_hills_cop,Beverly Hills Cop,"[""Action & Adventure"",""Comedy"",""Mystery & Suspense""]",R,1984,80,82
/m/mystic_iran_the_unseen_world,/m/mystic_iran_the_unseen_world,Mystic Iran: The Unseen World,"[""Documentary"",""Drama"",""Musical & Performing Arts"",""Special Interest"",""Faith & Spirituality""]",NR,2002,null,76
/m/murder_in_the_first,/m/murder_in_the_first,Murder in the First,"[""Drama"",""Mystery & Suspense""]",R,1994,50,80
/m/the_monitor,/m/the_monitor,The Monitor (Babycall),"[""Mystery & Suspense""]",R,2012,75,37
/m/bobby_deerfield,/m/bobby_deerfield,Bobby Deerfield,"[""Drama"",""Romance""]",PG,1977,31,45
/m/from_the_journals_of_jean_seberg,/m/from_the_journals_of_jean_seberg,From the Journals of Jean Seberg,"[""Documentary"",""Drama"",""Special Interest""]",NR,1996,100,67
/m/persepolis,/m/persepolis,Persepolis,"[""Animation"",""Drama""]",PG-13,2007,96,92
/m/those_magnificent_men_in_their_flying_machines,/m/those_magnificent_men_in_their_flying_machines,Those Magnificent Men in Their Flying Machines,"[""Action & Adventure"",""Art House & International"",""Classics"",""Comedy""]",G,1965,71,76
/m/starting_out_in_the_evening,/m/starting_out_in_the_evening,Starting Out in the Evening,"[""Art House & International"",""Drama""]",PG-13,2007,87,70
/m/daylight_2011,/m/daylight_2011,Daylight,"[""Drama"",""Mystery & Suspense""]",R,2011,91,63
/m/daddy-and-the-muscle-academy,/m/daddy-and-the-muscle-academy,Daddy and the Muscle Academy,"[""Art House & International"",""Documentary"",""Musical & Performing Arts""]",NR,1992,null,56
/m/misadventures_of_margaret,/m/misadventures_of_margaret,Misadventures of Margaret,"[""Comedy""]",NR,1998,null,33
/m/running_on_karma,/m/running_on_karma,Daai chek liu (Running on Karma) (An Intelligent Muscle Man),"[""Action & Adventure"",""Art House & International"",""Drama"",""Mystery & Suspense""]",NR,2003,null,73
/m/charlie_countryman,/m/charlie_countryman,Charlie Countryman,"[""Action & Adventure"",""Comedy""]",R,2013,27,49
/m/thoongaavanam,/m/thoongaavanam,Thoongaavanam (Thoonga Vanam),"[""Action & Adventure"",""Mystery & Suspense""]",NR,2015,null,83
/m/second_to_die,/m/second_to_die,Second to Die,"[""Art House & International"",""Mystery & Suspense""]",R,2001,null,36
/m/1028589-johnny_come_lately,/m/1028589-johnny_come_lately,Johnny Come Lately (Johnny Vagabond),"[""Comedy"",""Drama""]",NR,1943,43,55
/m/loves-brother,/m/loves-brother,Love's Brother,"[""Drama""]",NR,2004,null,66
/m/national_treasure_book_of_secrets,/m/national_treasure_book_of_secrets,National Treasure: Book of Secrets,"[""Action & Adventure""]",PG,2007,36,67
/m/birth_of_a_nation,/m/birth_of_a_nation,The Birth of a Nation,"[""Classics"",""Drama""]",G,1915,98,56
/m/hanussen,/m/hanussen,Hanussen,"[""Art House & International"",""Drama""]",R,1988,null,94
/m/jackie_2016,/m/jackie_2016,Jackie,"[""Drama""]",R,2016,87,60
/m/the_battle_of_pussy_willow_creek_2013,/m/the_battle_of_pussy_willow_creek_2013,The Battle of Pussy Willow Creek,"[""Comedy""]",NR,2013,56,91
/m/halloween_resurrection,/m/halloween_resurrection,Halloween: Resurrection,"[""Horror""]",R,2002,11,25
/m/the-professional-golgo-13,/m/the-professional-golgo-13,The Professional: Golgo 13,"[""Action & Adventure"",""Animation"",""Drama"",""Mystery & Suspense""]",NR,1983,null,79
/m/immortal_combat,/m/immortal_combat,Immortal Combat,"[""Action & Adventure"",""Science Fiction & Fantasy""]",R,1993,null,39
/m/wee_willie_winkie,/m/wee_willie_winkie,Wee Willie Winkie,"[""Action & Adventure"",""Classics"",""Comedy"",""Drama"",""Kids & Family""]",PG,1937,null,72
/m/amigo_2010,/m/amigo_2010,Amigo,"[""Drama""]",R,2011,60,56
/m/the_resurrection_of_gavin_stone,/m/the_resurrection_of_gavin_stone,The Resurrection of Gavin Stone,"[""Comedy""]",PG,2017,50,83
/m/last_summer,/m/last_summer,Last Summer,"[""Drama""]",R,1969,78,76
/m/cherry_2000,/m/cherry_2000,Cherry 2000,"[""Action & Adventure"",""Science Fiction & Fantasy""]",PG-13,1988,40,41
/m/yesterday_2019,/m/yesterday_2019,Yesterday,"[""Comedy"",""Science Fiction & Fantasy"",""Romance""]",PG-13,2019,63,86
/m/1003060-breakout,/m/1003060-breakout,Breakout,"[""Action & Adventure""]",PG,1975,33,42
/m/journey_of_august_king,/m/journey_of_august_king,The Journey of August King,"[""Drama""]",PG-13,1996,57,69
/m/made_for_each_other,/m/made_for_each_other,Made for Each Other,"[""Classics"",""Comedy"",""Drama"",""Romance""]",PG-13,1939,null,58
/m/the_redemption,/m/the_redemption,The Redemption,"[""Action & Adventure""]",R,1995,null,28
/m/1187187-changing_the_odds,/m/1187187-changing_the_odds,Changing the Odds,"[""Drama"",""Romance""]",NR,2007,null,50
/m/manila_in_the_claws_of_light,/m/manila_in_the_claws_of_light,Manila In The Claws Of Light (Maynila: Sa mga kuko ng liwanag),"[""Documentary"",""Drama""]",NR,1975,100,84
/m/ice_follies_of_1939,/m/ice_follies_of_1939,Ice Follies of 1939,"[""Drama"",""Musical & Performing Arts""]",NR,1939,null,29
/m/a-swedish-love-story,/m/a-swedish-love-story,En kärlekshistoria (A Swedish Love Story),"[""Art House & International"",""Drama"",""Romance""]",NR,1970,null,91
/m/drinking_games,/m/drinking_games,Drinking Games,"[""Drama""]",NR,1998,null,100
/m/lightning_the_white_stallion,/m/lightning_the_white_stallion,Lightning---The White Stallion,"[""Action & Adventure"",""Kids & Family""]",PG,1986,null,47
/m/the-wind-blows-round-il-vento-fa-ii-suo-giro,/m/the-wind-blows-round-il-vento-fa-ii-suo-giro,The Wind Blows Round (Il Vento Fa iI Suo Giro),"[""Drama""]",NR,2005,null,75
/m/good_men_good_women,/m/good_men_good_women,"Good Men, Good Women (Haonan Haonu)","[""Art House & International"",""Drama""]",NR,1995,null,71
/m/hellion_2012,/m/hellion_2012,Hellion,"[""Drama""]",R,2014,59,46
/m/boss_2013,/m/boss_2013,Boss,"[""Action & Adventure"",""Comedy"",""Drama""]",NR,2013,null,50
/m/1080202-you_and_me,/m/1080202-you_and_me,You and Me,"[""Comedy"",""Drama"",""Romance""]",NR,1938,86,62
/m/scarlet_and_the_black,/m/scarlet_and_the_black,The Scarlet and the Black,"[""Drama"",""Television""]",NR,1983,null,88
/m/they_saved_hitlers_brain,/m/they_saved_hitlers_brain,They Saved Hitler's Brain,"[""Action & Adventure"",""Drama"",""Horror"",""Mystery & Suspense"",""Science Fiction & Fantasy""]",NR,1963,null,19
/m/uncle_boonmee,/m/uncle_boonmee,Uncle Boonmee Who Can Recall His Past Lives,"[""Art House & International"",""Comedy"",""Science Fiction & Fantasy"",""Special Interest""]",NR,2011,89,60
/m/another_me,/m/another_me,Another Me,"[""Mystery & Suspense""]",PG-13,2014,null,15
/m/flowers_in_the_attic_2014,/m/flowers_in_the_attic_2014,Flowers in the Attic,"[""Documentary"",""Drama""]",NR,2014,52,39
/m/rip-girls,/m/rip-girls,Rip Girls,"[""Kids & Family"",""Television""]",NR,2000,null,69
/m/god_said_ha,/m/god_said_ha,God Said 'Ha!',"[""Comedy"",""Documentary"",""Musical & Performing Arts""]",PG-13,1998,86,73
/m/kindzadza,/m/kindzadza,Kin-Dza-Dza,"[""Art House & International"",""Comedy"",""Drama"",""Science Fiction & Fantasy""]",NR,1986,null,94
/m/1006416-east_of_eden,/m/1006416-east_of_eden,East of Eden,"[""Classics"",""Drama""]",PG,1955,86,90
/m/evil_dead_trap,/m/evil_dead_trap,Evil Dead Trap,"[""Action & Adventure"",""Art House & International"",""Horror""]",NR,1988,null,49
/m/captain_abu_raed,/m/captain_abu_raed,Captain Abu Raed,"[""Art House & International"",""Drama""]",NR,2007,80,79
/m/1207954-weather_girl,/m/1207954-weather_girl,Weather Girl,"[""Comedy""]",R,2009,33,36
/m/hair_show,/m/hair_show,Hair Show,"[""Comedy""]",PG-13,2004,17,69
/m/i_am_ali,/m/i_am_ali,I Am Ali,"[""Documentary"",""Special Interest"",""Sports & Fitness""]",PG,2014,61,59
/m/rolling_papers_2016,/m/rolling_papers_2016,Rolling Papers,"[""Documentary""]",NR,2016,58,65
/m/departed,/m/departed,The Departed,"[""Action & Adventure"",""Drama"",""Mystery & Suspense""]",R,2006,91,94
/m/the-navigator,/m/the-navigator,The Navigator,"[""Classics"",""Comedy""]",NR,1924,100,89
/m/1125849-visitors,/m/1125849-visitors,Visitors,"[""Comedy"",""Drama"",""Horror"",""Mystery & Suspense""]",R,2003,null,23
/m/girls_with_balls,/m/girls_with_balls,Girls with Balls,"[""Comedy""]",NR,2019,30,20
/m/kolya,/m/kolya,Kolya,"[""Art House & International"",""Comedy"",""Drama""]",PG-13,1997,96,92
/m/pierrepoint_the_last_hangman,/m/pierrepoint_the_last_hangman,Pierrepoint: The Last Hangman,"[""Drama""]",R,2007,79,85
/m/ms_dhoni_the_untold_story,/m/ms_dhoni_the_untold_story,M.S. Dhoni: The Untold Story,"[""Drama""]",NR,2016,75,74
/m/1003883-charade,/m/1003883-charade,Charade,"[""Classics"",""Comedy"",""Drama"",""Mystery & Suspense""]",G,1963,95,92
/m/jennys_wedding,/m/jennys_wedding,Jenny's Wedding,"[""Comedy""]",PG-13,2015,25,33
/m/julien_donkeyboy,/m/julien_donkeyboy,Julien Donkey-Boy,"[""Drama"",""Special Interest""]",R,1999,28,71
/m/vita_and_virginia,/m/vita_and_virginia,Vita & Virginia,"[""Drama"",""Romance""]",NR,2019,40,61
/m/her_own_choice,/m/her_own_choice,Her Own Choice,"[""Drama""]",R,2001,68,52
/m/python_ii,/m/python_ii,Python II,"[""Action & Adventure"",""Horror"",""Science Fiction & Fantasy""]",R,2002,null,30
/m/the_piano_tuner_of_earthquakes,/m/the_piano_tuner_of_earthquakes,The Piano Tuner of Earthquakes,"[""Art House & International"",""Drama"",""Science Fiction & Fantasy""]",NR,2006,45,58
/m/the_small_back_room_1952,/m/the_small_back_room_1952,The Small Back Room,"[""Action & Adventure"",""Art House & International"",""Classics"",""Drama"",""Mystery & Suspense""]",NR,1952,83,75
/m/easy_living_2017,/m/easy_living_2017,Easy Living,"[""Comedy"",""Drama"",""Mystery & Suspense""]",NR,2017,78,75
/m/chi_raq,/m/chi_raq,Chi-Raq,"[""Drama""]",R,2015,82,50
/m/wilson_2017,/m/wilson_2017,Wilson,"[""Comedy""]",R,2017,48,30
/m/shaun_the_sheep_movie,/m/shaun_the_sheep_movie,Shaun the Sheep Movie,"[""Animation"",""Comedy""]",PG,2015,99,80
/m/this_movie_is_broken,/m/this_movie_is_broken,This Movie Is Broken,"[""Comedy"",""Drama""]",NR,2010,83,45
/m/zindagi_na_milegi_dobara,/m/zindagi_na_milegi_dobara,Zindagi Na Milegi Dobara,"[""Art House & International"",""Comedy"",""Drama""]",NR,2011,91,86
/m/10001166-vidocq,/m/10001166-vidocq,Vidocq (Dark Portals: The Chronicles of Vidocq),"[""Mystery & Suspense"",""Science Fiction & Fantasy""]",R,2001,null,65
/m/somewhere_in_the_city,/m/somewhere_in_the_city,Somewhere in the City,"[""Art House & International"",""Comedy""]",R,1998,null,43
/m/five_fingers_for_marseilles,/m/five_fingers_for_marseilles,Five Fingers for Marseilles,"[""Art House & International"",""Drama"",""Mystery & Suspense"",""Western""]",NR,2018,76,91
/m/sour_grapes_2016,/m/sour_grapes_2016,Sour Grapes,"[""Art House & International"",""Documentary""]",NR,2016,95,94
/m/1012440-little_lord_fauntleroy,/m/1012440-little_lord_fauntleroy,Little Lord Fauntleroy,"[""Drama""]",NR,1980,null,79
/m/10002673-prowler,/m/10002673-prowler,The Prowler (Cost of Living ),"[""Drama"",""Mystery & Suspense""]",PG,1951,100,86
/m/lo,/m/lo,Lo,"[""Comedy"",""Horror"",""Romance""]",NR,2008,null,73
/m/1003617-carny,/m/1003617-carny,Carny,"[""Drama"",""Horror""]",R,1980,null,52
/m/doomsday_book,/m/doomsday_book,Doomsday Book,"[""Science Fiction & Fantasy""]",NR,2012,80,55
/m/the_leading_man_1998,/m/the_leading_man_1998,The Leading Man,"[""Art House & International"",""Comedy"",""Drama"",""Mystery & Suspense"",""Romance""]",R,1998,69,74
/m/certified_copy,/m/certified_copy,Certified Copy (Copie Conforme),"[""Art House & International"",""Drama""]",NR,2011,89,70
/m/did_you_wonder_who_fired_the_gun,/m/did_you_wonder_who_fired_the_gun,Did You Wonder Who Fired the Gun?,"[""Drama""]",NR,2018,85,50
/m/killer-tomatoes-strike-back,/m/killer-tomatoes-strike-back,Killer Tomatoes Strike Back,"[""Comedy"",""Horror""]",PG,1991,null,31
/m/pottersville,/m/pottersville,Pottersville,"[""Comedy""]",PG-13,2017,null,53
/m/flight_7500,/m/flight_7500,Flight 7500,"[""Horror""]",PG-13,2014,null,22
/m/cry_baby_killer,/m/cry_baby_killer,Cry Baby Killer,"[""Classics"",""Drama"",""Mystery & Suspense""]",NR,1958,null,28
/m/big_nothing,/m/big_nothing,Big Nothing,"[""Comedy"",""Mystery & Suspense""]",R,2007,null,61
/m/fearless,/m/fearless,Jet Li's Fearless (Huo Yuan Jia) (Legend of a Fighter),"[""Action & Adventure"",""Art House & International"",""Drama""]",PG-13,2006,73,86
/m/dr_dolittle_million_dollar_mutts,/m/dr_dolittle_million_dollar_mutts,Dr. Dolittle: Million Dollar Mutts,"[""Comedy"",""Kids & Family""]",PG,2009,null,52
/m/exorcist,/m/exorcist,The Exorcist,"[""Classics"",""Horror""]",R,1973,85,87
/m/hu-die-fei-flying-butterfly-linger,/m/hu-die-fei-flying-butterfly-linger,Hu die fei (Flying Butterfly) (Linger),"[""Art House & International"",""Drama"",""Romance""]",NR,2008,null,26
/m/tt3d_closer_to_the_edge_2011,/m/tt3d_closer_to_the_edge_2011,TT3D Closer To The Edge,"[""Documentary"",""Sports & Fitness""]",NR,2011,100,95
/m/eat_drink_man_woman,/m/eat_drink_man_woman,Eat Drink Man Woman (Yin shi nan nu),"[""Art House & International"",""Comedy"",""Drama"",""Romance""]",NR,1994,91,92
/m/1021746-touch_and_go,/m/1021746-touch_and_go,Touch and Go,"[""Comedy"",""Drama"",""Romance""]",R,1986,null,36
/m/housefull_4,/m/housefull_4,Housefull 4,"[""Comedy""]",NR,2019,40,60
/m/funeral_in_berlin,/m/funeral_in_berlin,Funeral in Berlin,"[""Action & Adventure"",""Art House & International"",""Classics"",""Drama"",""Mystery & Suspense""]",PG,1966,75,74
/m/fear_no_evil_1981,/m/fear_no_evil_1981,Fear No Evil,"[""Horror"",""Mystery & Suspense""]",R,1981,56,26
/m/h_e_double_hockey_sticks_1999,/m/h_e_double_hockey_sticks_1999,H-E-Double Hockey Sticks!,"[""Comedy"",""Kids & Family"",""Television""]",NR,1999,null,65
/m/tombstone,/m/tombstone,Tombstone,"[""Action & Adventure"",""Western""]",R,1993,73,94
/m/that_guy_dick_miller_2014,/m/that_guy_dick_miller_2014,That Guy Dick Miller,"[""Animation"",""Documentary"",""Special Interest""]",NR,2015,80,86
/m/der_nachtmahr,/m/der_nachtmahr,Der Nachtmahr,"[""Art House & International"",""Drama"",""Mystery & Suspense""]",NR,2015,50,62
/m/red_cliff,/m/red_cliff,Red Cliff (Chi Bi),"[""Action & Adventure"",""Art House & International"",""Classics"",""Drama""]",R,2009,91,78
/m/mullet,/m/mullet,Mullet,"[""Art House & International"",""Comedy"",""Drama""]",NR,2000,null,43
/m/the-pact,/m/the-pact,The Pact,"[""Horror"",""Mystery & Suspense"",""Special Interest""]",R,2012,66,41
/m/salome_1922,/m/salome_1922,Salome,"[""Classics"",""Drama"",""Special Interest""]",NR,1923,56,65
/m/slithis,/m/slithis,Spawn of the Slithis,"[""Horror"",""Science Fiction & Fantasy""]",PG,1978,null,30
/m/shortcut_to_happiness,/m/shortcut_to_happiness,Shortcut to Happiness (The Devil and Daniel Webster),"[""Comedy"",""Drama"",""Science Fiction & Fantasy""]",PG-13,2007,null,44
/m/that_night_in_varennes,/m/that_night_in_varennes,That Night in Varennes (La Nuit de Varennes),"[""Art House & International"",""Drama""]",R,1983,null,78
/m/mortal_storm,/m/mortal_storm,The Mortal Storm,"[""Drama""]",NR,1940,100,85
/m/parker_2012,/m/parker_2012,Parker,"[""Mystery & Suspense""]",R,2013,41,48
/m/shadow_puppets,/m/shadow_puppets,Shadow Puppets,"[""Horror"",""Mystery & Suspense""]",NR,2007,null,21
/m/automata,/m/automata,Autómata,"[""Art House & International"",""Mystery & Suspense"",""Science Fiction & Fantasy""]",R,2014,30,30
/m/10001205-climb,/m/10001205-climb,The Climb,"[""Action & Adventure"",""Drama"",""Kids & Family""]",PG,2002,null,73
/m/touch-the-sound,/m/touch-the-sound,Touch The Sound,"[""Documentary"",""Drama"",""Musical & Performing Arts""]",NR,2004,88,73
/m/haywire_2011,/m/haywire_2011,Haywire,"[""Action & Adventure"",""Drama"",""Mystery & Suspense""]",R,2012,80,41
/m/1134304-aka,/m/1134304-aka,AKA,"[""Drama""]",R,2002,58,63
/m/united_93,/m/united_93,United 93,"[""Action & Adventure"",""Drama""]",R,2006,90,83
/m/lena_baker_story,/m/lena_baker_story,The Lena Baker Story (Hope & Redemption: The Lena Baker Story),"[""Drama""]",PG-13,2009,null,74
/m/an_american_girl_mckenna_shoots_for_the_stars,/m/an_american_girl_mckenna_shoots_for_the_stars,An American Girl: McKenna Shoots For the Stars,"[""Kids & Family""]",G,2012,null,77
/m/the_dark_below_2017,/m/the_dark_below_2017,The Dark Below,"[""Mystery & Suspense""]",NR,2017,17,31
/m/beyond_rangoon,/m/beyond_rangoon,Beyond Rangoon,"[""Action & Adventure"",""Drama""]",R,1995,39,71
/m/above_the_law,/m/above_the_law,Above the Law,"[""Action & Adventure"",""Mystery & Suspense""]",R,1988,53,48
/m/1043589-dracula_vs_frankenstein,/m/1043589-dracula_vs_frankenstein,Dracula vs. Frankenstein,"[""Art House & International"",""Classics"",""Cult Movies"",""Horror""]",PG,1971,null,24
/m/the_search_2014,/m/the_search_2014,The Search,"[""Drama""]",NR,2015,21,51
/m/the_secret_disco_revolution,/m/the_secret_disco_revolution,The Secret Disco Revolution,"[""Comedy"",""Documentary"",""Musical & Performing Arts"",""Special Interest""]",NR,2013,43,41
/m/effi_briest,/m/effi_briest,Effi Briest (Fontane Effi Briest),"[""Art House & International"",""Classics"",""Drama""]",NR,1977,73,72
/m/left_on_purpose,/m/left_on_purpose,Left on Purpose,"[""Documentary"",""Drama""]",NR,2017,88,100
/m/thunder_bay,/m/thunder_bay,Thunder Bay,"[""Action & Adventure"",""Drama""]",NR,1953,null,62
/m/exit-the-dragon-enter-the-tiger,/m/exit-the-dragon-enter-the-tiger,"Exit the Dragon, Enter the Tiger","[""Action & Adventure"",""Art House & International"",""Drama""]",R,1976,null,54
/m/three_ages,/m/three_ages,The Three Ages,"[""Classics"",""Comedy"",""Drama""]",NR,1923,100,76
/m/1141102-are_we_there_yet,/m/1141102-are_we_there_yet,Are We There Yet?,"[""Action & Adventure"",""Comedy"",""Kids & Family"",""Romance""]",PG,2005,12,45
/m/the_sun_behind_the_clouds_2010,/m/the_sun_behind_the_clouds_2010,The Sun Behind the Clouds,"[""Documentary"",""Special Interest""]",NR,2010,88,58
/m/la_dame_dans_lauto_avec_un_fusil_et_des_lunettes,/m/la_dame_dans_lauto_avec_un_fusil_et_des_lunettes,The Lady in the Car with Glasses and a Gun (La dame dans l'auto avec un fusil et des lunettes),"[""Art House & International"",""Mystery & Suspense""]",NR,2015,80,47
/m/how_to_rob_a_bank,/m/how_to_rob_a_bank,How to Rob a Bank,"[""Comedy"",""Drama"",""Mystery & Suspense""]",NR,2007,29,42
/m/1037649-my_girl,/m/1037649-my_girl,My Girl,"[""Comedy"",""Drama"",""Kids & Family""]",PG-13,1991,53,77
/m/eyes_of_a_stranger,/m/eyes_of_a_stranger,Eyes of a Stranger,"[""Drama"",""Horror"",""Mystery & Suspense""]",R,1981,null,39
/m/undisputed,/m/undisputed,Undisputed,"[""Action & Adventure"",""Drama""]",R,2002,48,47
/m/horror,/m/horror,Horror,"[""Horror""]",R,2002,null,51
/m/goodnight_joseph_parker,/m/goodnight_joseph_parker,"Goodnight, Joseph Parker","[""Art House & International"",""Drama""]",NR,2004,null,0
/m/gloria_2015,/m/gloria_2015,Gloria,"[""Drama""]",R,2015,100,67
/m/avalon_high,/m/avalon_high,Avalon High,"[""Kids & Family"",""Television""]",NR,2010,null,53
/m/spencers_mountain,/m/spencers_mountain,Spencer's Mountain,"[""Classics"",""Comedy"",""Drama""]",NR,1963,null,65
/m/dantes-inferno1935,/m/dantes-inferno1935,Dante's Inferno,"[""Drama""]",NR,1935,null,42
/m/angels_and_demons_decoded,/m/angels_and_demons_decoded,Angels and Demons Decoded,"[""Documentary"",""Special Interest"",""Faith & Spirituality""]",NR,2009,null,57
/m/charge_of_the_light_brigade_1936,/m/charge_of_the_light_brigade_1936,Charge of the Light Brigade,"[""Action & Adventure"",""Classics"",""Drama""]",NR,1936,71,60
/m/path_to_war,/m/path_to_war,Path to War,"[""Drama"",""Television""]",PG-13,2002,null,71
/m/never_again,/m/never_again,Never Again,"[""Comedy"",""Documentary"",""Drama"",""Romance""]",R,2002,31,64
/m/dangerous_parking,/m/dangerous_parking,Dangerous Parking,"[""Drama""]",NR,2007,null,72
/m/cyclo,/m/cyclo,Cyclo,"[""Art House & International"",""Drama""]",NR,1996,73,85
/m/ryan,/m/ryan,Ryan,"[""Animation"",""Art House & International"",""Documentary"",""Drama"",""Musical & Performing Arts"",""Science Fiction & Fantasy"",""Television""]",NR,2004,null,92
/m/diary_of_a_wimpy_kid_2_rodrick_rules,/m/diary_of_a_wimpy_kid_2_rodrick_rules,Diary of a Wimpy Kid 2: Rodrick Rules,"[""Comedy"",""Drama"",""Kids & Family""]",PG,2011,47,61
/m/at-the-midnight-hour,/m/at-the-midnight-hour,At the Midnight Hour,"[""Drama"",""Romance""]",NR,1995,null,38
/m/gori_tere_pyaar_mein,/m/gori_tere_pyaar_mein,Gori Tere Pyaar Mein,"[""Comedy"",""Romance""]",NR,2013,44,27
/m/whos_your_daddy,/m/whos_your_daddy,Who's Your Daddy,"[""Comedy""]",R,2005,null,39
/m/maria_by_callas_in_her_own_words,/m/maria_by_callas_in_her_own_words,Maria By Callas,"[""Documentary""]",PG,2018,92,74
/m/cats_dont_dance,/m/cats_dont_dance,Cats Don't Dance,"[""Animation"",""Kids & Family""]",G,1997,74,80
/m/you_got_served,/m/you_got_served,You Got Served,"[""Comedy"",""Drama"",""Musical & Performing Arts""]",PG-13,2004,14,70
/m/joy_ride_3_road_kill,/m/joy_ride_3_road_kill,Joy Ride 3: Road Kill,"[""Horror"",""Mystery & Suspense""]",R,2014,60,25
/m/mondovino,/m/mondovino,Mondovino,"[""Documentary"",""Special Interest""]",PG-13,2005,73,82
/m/monsoon_shootout,/m/monsoon_shootout,Monsoon Shootout,"[""Mystery & Suspense""]",NR,2013,71,60
/m/animal_room_1999,/m/animal_room_1999,Animal Room,"[""Drama""]",R,1999,null,26
/m/mondo_cane,/m/mondo_cane,Mondo Cane,"[""Art House & International"",""Documentary"",""Special Interest""]",R,1963,56,53
/m/magnificent_seven_ride,/m/magnificent_seven_ride,The Magnificent Seven Ride!,"[""Action & Adventure"",""Western""]",PG,1972,null,23
/m/carefree,/m/carefree,Carefree,"[""Classics"",""Comedy"",""Drama"",""Musical & Performing Arts"",""Romance""]",NR,1938,57,77
/m/the-big-o,/m/the-big-o,The Big O,"[""Animation"",""Anime & Manga""]",NR,2003,null,85
/m/divan,/m/divan,Divan,"[""Art House & International"",""Documentary"",""Drama"",""Special Interest"",""Faith & Spirituality""]",NR,2004,95,100
/m/12-storeys,/m/12-storeys,12 Storeys,"[""Comedy"",""Drama""]",NR,1997,null,79
/m/the_killer_inside_me,/m/the_killer_inside_me,The Killer Inside Me,"[""Drama"",""Mystery & Suspense"",""Western""]",R,2010,54,40
/m/hold_the_dark,/m/hold_the_dark,Hold the Dark,"[""Mystery & Suspense""]",NR,2018,71,31
/m/a-matter-of-sex,/m/a-matter-of-sex,A Matter of Sex,"[""Drama""]",NR,1984,null,50
/m/the_way_he_looks,/m/the_way_he_looks,The Way He Looks,"[""Art House & International"",""Drama"",""Romance""]",NR,2014,92,89
/m/tekwar,/m/tekwar,TekWar,"[""Science Fiction & Fantasy"",""Television""]",NR,1994,null,36
/m/u571,/m/u571,U-571,"[""Action & Adventure"",""Drama"",""Mystery & Suspense""]",PG-13,2000,68,62
/m/zero_patience,/m/zero_patience,Zero Patience,"[""Art House & International"",""Drama"",""Musical & Performing Arts"",""Science Fiction & Fantasy"",""Gay & Lesbian""]",NR,1994,50,48
/m/gururi_no_koto,/m/gururi_no_koto,All Around Us (Gururi no koto),"[""Art House & International"",""Drama""]",NR,2008,null,68
/m/street-racer,/m/street-racer,Street Racer,"[""Action & Adventure""]",R,2008,null,24
/m/salmonberries,/m/salmonberries,Salmonberries,"[""Art House & International"",""Drama"",""Gay & Lesbian""]",R,1991,71,54
/m/shelley_2016,/m/shelley_2016,Shelley,"[""Horror""]",NR,2016,100,38
/m/laserblast,/m/laserblast,Laserblast,"[""Action & Adventure"",""Horror"",""Science Fiction & Fantasy""]",PG,1977,null,14
/m/dare-not-walk-alone,/m/dare-not-walk-alone,Dare Not Walk Alone,"[""Documentary"",""Special Interest""]",NR,2006,86,67
/m/ss_experiment,/m/ss_experiment,SS Experiment Love Camp (Lager SSadis Kastrat Kommandantur),"[""Art House & International"",""Horror"",""Mystery & Suspense""]",R,1976,null,20
/m/let_the_right_one_in,/m/let_the_right_one_in,Let the Right One In,"[""Art House & International"",""Drama"",""Horror""]",R,2008,98,90
/m/they_died_with_their_boots_on,/m/they_died_with_their_boots_on,They Died With Their Boots On,"[""Classics"",""Drama"",""Western""]",NR,1941,82,75
/m/tater_tot_and_patton,/m/tater_tot_and_patton,Tater Tot & Patton,"[""Drama""]",NR,2019,85,88
/m/night_of_the_lepus,/m/night_of_the_lepus,Night of the Lepus,"[""Classics"",""Horror"",""Mystery & Suspense"",""Science Fiction & Fantasy""]",PG,1972,8,27
/m/last_weekend,/m/last_weekend,Last Weekend,"[""Comedy""]",NR,2014,35,35
/m/the_dark_knight_rises,/m/the_dark_knight_rises,The Dark Knight Rises,"[""Action & Adventure"",""Drama"",""Mystery & Suspense""]",PG-13,2012,87,90
/m/salome_1953,/m/salome_1953,Salome,"[""Classics"",""Drama""]",NR,1953,null,50
/m/maleficent_mistress_of_evil,/m/maleficent_mistress_of_evil,Maleficent: Mistress of Evil,"[""Action & Adventure"",""Science Fiction & Fantasy""]",PG,2019,40,92
/m/something_to_scream_about,/m/something_to_scream_about,Something to Scream About,"[""Documentary"",""Horror"",""Musical & Performing Arts"",""Television""]",NR,2003,null,62
/m/style_wars,/m/style_wars,Style Wars,"[""Documentary"",""Musical & Performing Arts"",""Special Interest""]",NR,1983,null,95
/m/1212018-toronto_stories,/m/1212018-toronto_stories,Toronto Stories,"[""Art House & International"",""Drama""]",PG,2008,null,34
/m/geisha_boy,/m/geisha_boy,The Geisha Boy,"[""Comedy""]",G,1958,null,67
/m/house_of_the_damned_1996,/m/house_of_the_damned_1996,House of the Damned,"[""Horror"",""Mystery & Suspense""]",R,1996,null,50
/m/massoud_the_afghan,/m/massoud_the_afghan,"Massoud, The Afghan","[""Art House & International"",""Documentary"",""Special Interest""]",NR,2002,83,100
/m/les-plages-dagnes,/m/les-plages-dagnes,Les Plages d'Agnès (The Beaches of Agnes),"[""Art House & International"",""Documentary"",""Musical & Performing Arts""]",NR,2008,96,89
/m/grown_up_movie_star,/m/grown_up_movie_star,Grown Up Movie Star,"[""Comedy"",""Drama""]",NR,2009,80,73
/m/kaaterskill_falls,/m/kaaterskill_falls,Kaaterskill Falls,"[""Drama"",""Mystery & Suspense""]",NR,2001,75,50
/m/galaxina,/m/galaxina,Galaxina,"[""Comedy"",""Science Fiction & Fantasy""]",R,1980,17,24
/m/bad_times_at_the_el_royale,/m/bad_times_at_the_el_royale,Bad Times at the El Royale,"[""Mystery & Suspense""]",R,2018,75,73
/m/gypsy_caravan_when_the_road_bends,/m/gypsy_caravan_when_the_road_bends,When the Road Bends: Tales of a Gypsy Caravan,"[""Documentary"",""Musical & Performing Arts"",""Special Interest""]",PG,2007,86,82
/m/dragged_across_concrete,/m/dragged_across_concrete,Dragged Across Concrete,"[""Action & Adventure"",""Drama"",""Mystery & Suspense""]",R,2019,75,68
/m/tycus_1998,/m/tycus_1998,Tycus,"[""Action & Adventure"",""Drama"",""Science Fiction & Fantasy""]",R,2000,null,26
/m/stories_we_tell,/m/stories_we_tell,Stories We Tell,"[""Documentary""]",PG-13,2013,94,79
/m/paramedics,/m/paramedics,Paramedics,"[""Comedy""]",PG,1988,null,52
/m/all_about_the_benjamins,/m/all_about_the_benjamins,All About the Benjamins,"[""Action & Adventure"",""Comedy"",""Drama"",""Mystery & Suspense""]",R,2002,30,77
/m/7_seconds,/m/7_seconds,7 Seconds,"[""Action & Adventure"",""Art House & International"",""Drama"",""Mystery & Suspense""]",R,2005,null,26
/m/grapes_of_wrath,/m/grapes_of_wrath,The Grapes of Wrath,"[""Classics"",""Drama""]",G,1940,100,88
/m/wendy_and_lucy,/m/wendy_and_lucy,Wendy and Lucy,"[""Drama""]",R,2008,85,67
/m/black_tight_killers,/m/black_tight_killers,Ore ni sawaru to abunaize (Black Tight Killers) (Don't Touch Me I'm Dangerous),"[""Action & Adventure"",""Art House & International"",""Mystery & Suspense""]",NR,1966,null,38
/m/1120594-iceman_cometh,/m/1120594-iceman_cometh,The Iceman Cometh,"[""Action & Adventure"",""Classics"",""Drama"",""Science Fiction & Fantasy"",""Romance""]",PG,1973,90,73
/m/rite,/m/rite,Riten (The Rite) (The Ritual),"[""Art House & International"",""Drama"",""Television""]",NR,1969,67,72
/m/1210249-last_word,/m/1210249-last_word,The Last Word,"[""Comedy"",""Drama""]",R,2009,40,48
/m/paradine_case,/m/paradine_case,The Paradine Case,"[""Classics"",""Drama"",""Mystery & Suspense""]",NR,1948,80,47
/m/poor-cow,/m/poor-cow,Poor Cow,"[""Classics"",""Drama""]",NR,1967,53,78
/m/my_name_is_emily,/m/my_name_is_emily,My Name Is Emily,"[""Drama""]",NR,2017,89,90
/m/rottweiler,/m/rottweiler,Rottweiler,"[""Horror""]",NR,2005,null,9
/m/reincarnated,/m/reincarnated,Reincarnated,"[""Documentary"",""Special Interest""]",R,2013,28,41
/m/1110577-kiss_tomorrow_goodbye,/m/1110577-kiss_tomorrow_goodbye,Kiss Tomorrow Goodbye,"[""Drama"",""Mystery & Suspense"",""Television""]",R,2000,null,47
/m/abattoir,/m/abattoir,Abattoir,"[""Horror""]",R,2016,35,28
/m/where_the_road_meets_the_sun_2010,/m/where_the_road_meets_the_sun_2010,Where The Road Meets The Sun,"[""Drama""]",NR,2011,null,58
/m/52_pickup,/m/52_pickup,52 Pick-Up,"[""Action & Adventure"",""Drama"",""Mystery & Suspense""]",R,1986,43,45
/m/1197495-chosen_one,/m/1197495-chosen_one,The Chosen One,"[""Action & Adventure"",""Animation"",""Comedy"",""Drama""]",NR,2008,null,48
/m/ilya_muromets,/m/ilya_muromets,Ilya Muromets,"[""Action & Adventure"",""Art House & International"",""Science Fiction & Fantasy""]",PG-13,1960,null,35
/m/bank_holiday,/m/bank_holiday,Bank Holiday,"[""Comedy"",""Documentary"",""Drama"",""Romance""]",NR,1938,83,33
/m/damage,/m/damage,Damage,"[""Drama""]",R,1992,78,73
/m/fight_church,/m/fight_church,Fight Church,"[""Documentary"",""Special Interest""]",NR,2014,100,64
/m/tony_takitani,/m/tony_takitani,Tony Takitani,"[""Art House & International"",""Drama""]",NR,2005,89,82
/m/father_of_my_children,/m/father_of_my_children,The Father of My Children (Le pere de mes enfants),"[""Art House & International"",""Drama""]",NR,2010,90,61
/m/loves_unending_legacy,/m/loves_unending_legacy,Love's Unending Legacy,"[""Drama"",""Kids & Family"",""Western""]",NR,2007,null,83
/m/prince_of_tides,/m/prince_of_tides,The Prince of Tides,"[""Drama"",""Romance""]",R,1991,68,70
/m/revenge_2017,/m/revenge_2017,Revenge,"[""Action & Adventure"",""Mystery & Suspense""]",R,2018,93,56
/m/rough_aunties,/m/rough_aunties,Rough Aunties,"[""Art House & International"",""Documentary""]",NR,2008,86,100
/m/my_reincarnation_2011,/m/my_reincarnation_2011,My Reincarnation,"[""Action & Adventure"",""Art House & International"",""Documentary"",""Special Interest""]",NR,2011,73,71
/m/test_2014,/m/test_2014,Test,"[""Drama""]",NR,2014,80,57
/m/11_flowers,/m/11_flowers,11 Flowers,"[""Drama""]",PG,2013,85,67
/m/1045835-1045835-valentino,/m/1045835-1045835-valentino,Valentino,"[""Drama"",""Romance""]",R,1977,44,42
/m/national_bird,/m/national_bird,National Bird,"[""Documentary""]",NR,2016,100,57
/m/fiorile,/m/fiorile,Fiorile (Wild Flower),"[""Art House & International"",""Drama""]",PG-13,1993,57,59
/m/jeg_er_din,/m/jeg_er_din,I am Yours,"[""Drama""]",NR,2013,100,50
/m/guys_and_balls,/m/guys_and_balls,Guys and Balls,"[""Art House & International"",""Comedy"",""Drama"",""Sports & Fitness""]",R,2006,38,72
/m/10008744-canvas,/m/10008744-canvas,Canvas,"[""Drama""]",PG-13,2007,78,62
/m/tarzans_desert_mystery,/m/tarzans_desert_mystery,Tarzan's Desert Mystery,"[""Action & Adventure""]",PG,1944,null,25
/m/fratricide,/m/fratricide,Fratricide,"[""Art House & International"",""Drama""]",NR,2006,90,59
/m/1122761-framed,/m/1122761-framed,Framed,"[""Action & Adventure"",""Drama"",""Mystery & Suspense"",""Television""]",R,2001,null,33
/m/the_legend_of_tarzan,/m/the_legend_of_tarzan,The Legend of Tarzan,"[""Action & Adventure""]",PG-13,2016,36,58
/m/the_brady_bunch_movie,/m/the_brady_bunch_movie,The Brady Bunch Movie,"[""Comedy""]",PG-13,1995,62,46
/m/superfly_2018,/m/superfly_2018,Superfly,"[""Action & Adventure"",""Drama"",""Mystery & Suspense""]",R,2018,49,46
/m/le_amiche,/m/le_amiche,Le amiche,"[""Art House & International"",""Drama""]",NR,1955,100,82
/m/shrek_forever_after,/m/shrek_forever_after,Shrek Forever After,"[""Action & Adventure"",""Animation"",""Comedy"",""Kids & Family"",""Science Fiction & Fantasy""]",PG,2010,58,54
/m/say_amen_somebody,/m/say_amen_somebody,"Say Amen, Somebody","[""Documentary"",""Drama"",""Musical & Performing Arts"",""Faith & Spirituality""]",G,1982,92,75
/m/rocks_in_my_pockets,/m/rocks_in_my_pockets,Rocks in my Pockets,"[""Animation""]",NR,2014,100,69
/m/kings_ransom,/m/kings_ransom,King's Ransom,"[""Comedy""]",PG-13,2005,2,32
/m/the-house-next-doortv,/m/the-house-next-doortv,The House Next Door,"[""Mystery & Suspense""]",NR,2006,null,26
/m/edge_of_sanity,/m/edge_of_sanity,Edge of Sanity,"[""Drama"",""Horror"",""Mystery & Suspense"",""Science Fiction & Fantasy""]",R,1989,null,32
/m/bright_days_ahead,/m/bright_days_ahead,Bright Days Ahead,"[""Comedy"",""Drama""]",NR,2014,87,61
/m/storm_catcher,/m/storm_catcher,Storm Catcher,"[""Action & Adventure"",""Drama"",""Mystery & Suspense""]",R,1999,null,23
/m/metalhead,/m/metalhead,Metalhead,"[""Comedy"",""Drama""]",NR,2015,91,74
/m/the_hunger_games_mockingjay_part_1,/m/the_hunger_games_mockingjay_part_1,The Hunger Games: Mockingjay - Part 1,"[""Action & Adventure"",""Drama"",""Science Fiction & Fantasy""]",PG-13,2014,69,71
/m/sharknado_2013,/m/sharknado_2013,Sharknado,"[""Drama"",""Horror"",""Mystery & Suspense"",""Science Fiction & Fantasy"",""Television""]",NR,2013,78,33
/m/geography_club_2013,/m/geography_club_2013,Geography Club,"[""Comedy""]",PG-13,2013,64,52
/m/back_to_the_beach,/m/back_to_the_beach,Back to the Beach,"[""Comedy"",""Musical & Performing Arts""]",PG,1987,71,63
/m/megiddo_the_omega_code_2,/m/megiddo_the_omega_code_2,Megiddo: The Omega Code 2,"[""Action & Adventure"",""Drama"",""Mystery & Suspense""]",PG-13,2001,10,46
/m/1037789-train,/m/1037789-train,The Train,"[""Action & Adventure"",""Art House & International"",""Classics"",""Drama"",""Mystery & Suspense""]",NR,1965,92,90
/m/home_fries,/m/home_fries,Home Fries,"[""Comedy"",""Romance""]",PG-13,1998,31,33
/m/cat-dancers,/m/cat-dancers,Cat Dancers,"[""Documentary"",""Special Interest""]",NR,2008,null,74
/m/abbott_and_costello_go_to_mars,/m/abbott_and_costello_go_to_mars,Abbott and Costello Go to Mars,"[""Classics"",""Comedy"",""Science Fiction & Fantasy""]",NR,1953,33,45
/m/1117246-when_in_rome,/m/1117246-when_in_rome,When in Rome,"[""Comedy"",""Kids & Family""]",G,2002,null,46
/m/too_smooth,/m/too_smooth,Too Smooth,"[""Comedy"",""Romance""]",R,2001,null,19
/m/bellyfruit,/m/bellyfruit,Bellyfruit,"[""Art House & International"",""Drama""]",NR,2000,null,60
/m/banshee,/m/banshee,Banshee,"[""Drama"",""Mystery & Suspense"",""Television""]",R,2006,null,43
/m/deep_end_of_the_ocean,/m/deep_end_of_the_ocean,The Deep End of the Ocean,"[""Drama""]",PG-13,1999,43,59
/m/heist_2015,/m/heist_2015,Heist,"[""Action & Adventure""]",R,2015,29,41
/m/girlfriend_experience,/m/girlfriend_experience,The Girlfriend Experience,"[""Drama""]",R,2009,67,35
/m/wish_for_wings_that_work,/m/wish_for_wings_that_work,Wish for Wings That Work,"[""Animation"",""Comedy"",""Kids & Family"",""Television""]",PG,1991,null,87
/m/men_of_boys_town,/m/men_of_boys_town,Men of Boys Town,"[""Drama""]",NR,1941,40,64
/m/arlington_road,/m/arlington_road,Arlington Road,"[""Drama"",""Mystery & Suspense""]",R,1999,63,74
/m/in_the_electric_mist,/m/in_the_electric_mist,In the Electric Mist,"[""Drama"",""Mystery & Suspense""]",R,2009,58,34
/m/the_scarlet_empress,/m/the_scarlet_empress,The Scarlet Empress,"[""Classics"",""Drama""]",NR,1934,87,85
/m/the_dead_next_door,/m/the_dead_next_door,The Dead Next Door,"[""Action & Adventure"",""Horror""]",NR,1989,null,47
/m/cut_and_run,/m/cut_and_run,Cut and Run,"[""Action & Adventure"",""Art House & International"",""Drama"",""Horror"",""Mystery & Suspense""]",R,1985,null,38
/m/chris-rock-never-scared,/m/chris-rock-never-scared,Chris Rock: Never Scared,"[""Comedy"",""Television""]",NR,2004,null,87
/m/isabelle_2019,/m/isabelle_2019,Isabelle,"[""Horror"",""Mystery & Suspense""]",NR,2019,8,29
/m/at_the_fork,/m/at_the_fork,At The Fork,"[""Documentary""]",NR,2016,100,75
/m/blizzard,/m/blizzard,Blizzard,"[""Kids & Family""]",G,2003,67,53
/m/second_chorus,/m/second_chorus,Second Chorus,"[""Classics"",""Comedy"",""Musical & Performing Arts"",""Romance""]",G,1940,null,32
/m/the_iron_curtain,/m/the_iron_curtain,The Iron Curtain,"[""Action & Adventure"",""Classics"",""Mystery & Suspense""]",NR,1948,null,57
/m/amer,/m/amer,Amer,"[""Art House & International"",""Drama"",""Mystery & Suspense""]",NR,2010,79,54
/m/six_the_mark_unleashed,/m/six_the_mark_unleashed,Six: The Mark Unleashed,"[""Action & Adventure"",""Mystery & Suspense"",""Science Fiction & Fantasy""]",NR,2004,null,73
/m/la-montagna-del-dio-cannibale,/m/la-montagna-del-dio-cannibale,Mountain of the Cannibal God (La montagna del dio cannibale) (Primitive Desires) (Slave of the Cannibal God),"[""Action & Adventure"",""Art House & International"",""Horror""]",R,1978,null,26
/m/extreme_justice,/m/extreme_justice,Extreme Justice,"[""Action & Adventure""]",R,1993,null,32
/m/wild_horses_2015,/m/wild_horses_2015,Wild Horses,"[""Drama"",""Mystery & Suspense""]",R,2015,17,16
/m/1041049-geronimo,/m/1041049-geronimo,Geronimo,"[""Action & Adventure"",""Classics"",""Western""]",NR,1962,80,33
/m/fear_anxiety_and_depression,/m/fear_anxiety_and_depression,"Fear, Anxiety and Depression","[""Comedy""]",R,1989,null,47
/m/scooby_doo_and_the_loch_ness_monster,/m/scooby_doo_and_the_loch_ness_monster,Scooby-Doo and the Loch Ness Monster,"[""Animation"",""Kids & Family"",""Mystery & Suspense""]",NR,2004,null,59
/m/muriel-1963,/m/muriel-1963,Muriel ou Le Temps d'un Retour (The Time of Return),"[""Art House & International"",""Drama""]",NR,1963,83,79
/m/a_man_called_ove,/m/a_man_called_ove,A Man Called Ove (En man som heter Ove),"[""Art House & International"",""Comedy"",""Drama""]",PG-13,2016,90,87
/m/yasoo-running-wild,/m/yasoo-running-wild,Ya-soo (Running Wild),"[""Action & Adventure"",""Art House & International"",""Mystery & Suspense""]",NR,2006,null,61
/m/true_identity,/m/true_identity,True Identity,"[""Comedy""]",R,1991,43,26
/m/1201467-angel,/m/1201467-angel,Angel,"[""Drama""]",G,2007,50,32
/m/bend_it_like_beckham,/m/bend_it_like_beckham,Bend It like Beckham,"[""Comedy"",""Drama""]",PG-13,2003,85,73
/m/wolves_of_kromer,/m/wolves_of_kromer,The Wolves of Kromer,"[""Art House & International"",""Horror"",""Kids & Family"",""Science Fiction & Fantasy""]",NR,2000,null,43
/m/last_wedding,/m/last_wedding,Last Wedding,"[""Comedy"",""Drama"",""Romance""]",R,2001,83,61
/m/rock-rule,/m/rock-rule,Rock And Rule,"[""Action & Adventure"",""Animation"",""Art House & International"",""Drama"",""Musical & Performing Arts"",""Science Fiction & Fantasy""]",PG,1983,null,72
/m/language_of_a_broken_heart_2013,/m/language_of_a_broken_heart_2013,Language of a Broken Heart,"[""Comedy"",""Drama"",""Romance""]",R,2013,36,48
/m/pentagon_papers,/m/pentagon_papers,The Pentagon Papers,"[""Drama"",""Mystery & Suspense"",""Television""]",R,2003,null,64
/m/eyes_of_an_angel,/m/eyes_of_an_angel,Eyes of an Angel,"[""Drama"",""Television""]",PG-13,1989,null,56
/m/finishing_the_game,/m/finishing_the_game,Finishing the Game,"[""Comedy""]",NR,2007,35,48
/m/like-a-virgin-cheonhajangsa-madonna,/m/like-a-virgin-cheonhajangsa-madonna,Like a Virgin (Cheonhajangsa madonna),"[""Art House & International"",""Comedy""]",NR,2006,null,77
/m/1085020-hard_to_die,/m/1085020-hard_to_die,Hard to Die,"[""Action & Adventure"",""Art House & International"",""Comedy"",""Horror""]",R,1990,null,54
/m/the_good_the_bad_and_the_ugly,/m/the_good_the_bad_and_the_ugly,"The Good, the Bad and the Ugly","[""Western""]",R,1966,97,97
/m/10006109-magician,/m/10006109-magician,The Magician,"[""Comedy"",""Drama""]",NR,2010,73,75
/m/orderers-les-ordres,/m/orderers-les-ordres,Orderers (Les Ordres),"[""Drama""]",NR,1974,null,91
/m/stuff,/m/stuff,The Stuff,"[""Comedy"",""Horror"",""Science Fiction & Fantasy""]",R,1985,69,45
/m/1011605-king_and_i,/m/1011605-king_and_i,The King and I,"[""Classics"",""Musical & Performing Arts"",""Romance""]",G,1956,96,83
/m/spymate_2006,/m/spymate_2006,Spymate,"[""Action & Adventure"",""Comedy"",""Kids & Family""]",PG,2004,17,38
/m/year_of_the_carnivore,/m/year_of_the_carnivore,Year of the Carnivore,"[""Comedy"",""Drama"",""Musical & Performing Arts""]",NR,2009,null,58
/m/get_over_it,/m/get_over_it,Get Over It,"[""Comedy"",""Romance""]",PG-13,2001,44,52
/m/blue_sunshine,/m/blue_sunshine,Blue Sunshine,"[""Horror""]",R,1976,80,45
/m/while_the_city_sleeps,/m/while_the_city_sleeps,While the City Sleeps,"[""Action & Adventure"",""Drama"",""Mystery & Suspense""]",NR,1955,89,67
/m/avalon,/m/avalon,Avalon,"[""Action & Adventure"",""Animation"",""Art House & International"",""Drama"",""Science Fiction & Fantasy""]",R,2001,80,73
/m/expect_the_unexpected,/m/expect_the_unexpected,Expect the Unexpected (Fai seung dat yin),"[""Art House & International"",""Drama"",""Mystery & Suspense""]",NR,1998,null,77
/m/love_can_seriously_damage_your_health,/m/love_can_seriously_damage_your_health,Love Can Seriously Damage Your Health,"[""Art House & International"",""Comedy"",""Romance""]",PG-13,1997,null,71
/m/hiding_out,/m/hiding_out,Hiding Out,"[""Comedy"",""Mystery & Suspense""]",PG-13,1987,33,70
/m/la_rupture,/m/la_rupture,La Rupture (The Break Up) (The Breach) (Hallucination),"[""Art House & International"",""Drama"",""Mystery & Suspense""]",NR,1970,null,75
/m/lord_of_war,/m/lord_of_war,Lord of War,"[""Action & Adventure"",""Drama"",""Mystery & Suspense""]",R,2005,62,85
/m/hangmans_knot,/m/hangmans_knot,Hangman's Knot,"[""Classics"",""Western""]",NR,1952,null,53
/m/1005132-dakota,/m/1005132-dakota,Dakota,"[""Drama"",""Romance""]",PG,1988,null,27
/m/puff_puff_pass,/m/puff_puff_pass,"Puff, Puff, Pass","[""Comedy""]",R,2006,null,57
/m/the_loneliest_planet,/m/the_loneliest_planet,The Loneliest Planet,"[""Drama""]",NR,2012,73,31
/m/track_of_the_vampire,/m/track_of_the_vampire,Blood Bath,"[""Classics"",""Horror"",""Mystery & Suspense""]",NR,1966,null,27
/m/kuma,/m/kuma,Kuma,"[""Drama""]",NR,2012,95,63
/m/private_property_2007,/m/private_property_2007,Private Property (Nue propriete),"[""Art House & International"",""Drama""]",NR,2007,76,65
/m/1093420-stranger_than_fiction,/m/1093420-stranger_than_fiction,Stranger Than Fiction,"[""Action & Adventure"",""Horror"",""Mystery & Suspense""]",R,1999,38,56
/m/conspiracy_theory,/m/conspiracy_theory,Conspiracy Theory,"[""Action & Adventure"",""Drama"",""Mystery & Suspense""]",R,1997,56,64
/m/prime_suspect_1982,/m/prime_suspect_1982,Prime Suspect,"[""Drama"",""Mystery & Suspense""]",NR,1982,null,65
/m/20_dates,/m/20_dates,20 Dates,"[""Comedy"",""Drama""]",R,1999,36,47
/m/killer_that_stalked_new_york,/m/killer_that_stalked_new_york,The Killer That Stalked New York,"[""Classics"",""Drama"",""Mystery & Suspense""]",NR,1950,null,35
/m/fly_wheel,/m/fly_wheel,Fly Wheel,"[""Drama"",""Faith & Spirituality""]",NR,2003,null,82
/m/1098497-model_behavior,/m/1098497-model_behavior,Model Behavior,"[""Comedy"",""Television""]",NR,2000,null,65
/m/funny_girl,/m/funny_girl,Funny Girl,"[""Classics"",""Comedy"",""Drama"",""Musical & Performing Arts""]",G,1968,93,85
/m/mfa,/m/mfa,M.F.A.,"[""Drama"",""Mystery & Suspense""]",NR,2017,77,87
/m/at_war,/m/at_war,At War (En guerre),"[""Art House & International"",""Drama""]",NR,2019,71,94
/m/the_rundown,/m/the_rundown,The Rundown,"[""Action & Adventure"",""Comedy""]",PG-13,2003,69,66
/m/eagle_and_the_hawk,/m/eagle_and_the_hawk,The Eagle and the Hawk,"[""Action & Adventure"",""Classics"",""Drama""]",NR,1933,null,69
/m/patang_2012,/m/patang_2012,Patang,"[""Drama""]",NR,2012,56,64
/m/edwin_boyd_2012,/m/edwin_boyd_2012,Edwin Boyd (Citizen Gangster),"[""Drama""]",NR,2012,53,40
/m/two_lovers,/m/two_lovers,Two Lovers,"[""Drama"",""Romance""]",R,2008,82,59
/m/cinevardaphoto,/m/cinevardaphoto,Cinévardaphoto,"[""Art House & International"",""Documentary"",""Musical & Performing Arts"",""Special Interest""]",NR,2005,94,70
/m/rush_beyond_the_lighted_stage,/m/rush_beyond_the_lighted_stage,Rush: Beyond the Lighted Stage,"[""Documentary"",""Musical & Performing Arts"",""Special Interest""]",NR,2010,90,94
/m/1022370-unfaithfully_yours,/m/1022370-unfaithfully_yours,Unfaithfully Yours,"[""Comedy"",""Romance""]",PG,1984,27,46
/m/ghost_team_2016,/m/ghost_team_2016,Ghost Team,"[""Comedy""]",PG-13,2016,11,30
/m/internal_affairs,/m/internal_affairs,Internal Affairs,"[""Drama"",""Mystery & Suspense""]",R,1990,88,59
/m/1003722-casino_royale,/m/1003722-casino_royale,Casino Royale,"[""Action & Adventure"",""Classics"",""Comedy""]",G,1967,26,35
/m/brother_1997,/m/brother_1997,Brother,"[""Art House & International"",""Drama""]",R,1997,100,83
/m/the_green_prince,/m/the_green_prince,The Green Prince,"[""Documentary"",""Special Interest""]",PG-13,2014,77,83
